-- phpMyAdmin SQL Dump
-- version 4.1.14
-- http://www.phpmyadmin.net
--
-- Client :  127.0.0.1
-- Généré le :  Ven 07 Août 2015 à 13:47
-- Version du serveur :  5.6.17
-- Version de PHP :  5.5.12

SET SQL_MODE = "NO_AUTO_VALUE_ON_ZERO";
SET time_zone = "+00:00";


/*!40101 SET @OLD_CHARACTER_SET_CLIENT=@@CHARACTER_SET_CLIENT */;
/*!40101 SET @OLD_CHARACTER_SET_RESULTS=@@CHARACTER_SET_RESULTS */;
/*!40101 SET @OLD_COLLATION_CONNECTION=@@COLLATION_CONNECTION */;
/*!40101 SET NAMES utf8 */;

--
-- Base de données :  `cartes-online`
--

-- --------------------------------------------------------

--
-- Structure de la table `joueur`
--

CREATE TABLE IF NOT EXISTS `joueur` (
  `id` int(11) NOT NULL AUTO_INCREMENT,
  `nom` varchar(255) COLLATE utf8_unicode_ci DEFAULT NULL,
  `prenom` varchar(255) COLLATE utf8_unicode_ci DEFAULT NULL,
  `username` varchar(255) COLLATE utf8_unicode_ci NOT NULL,
  `email` varchar(255) COLLATE utf8_unicode_ci DEFAULT NULL,
  `password` varchar(255) COLLATE utf8_unicode_ci NOT NULL,
  `salt` varchar(255) COLLATE utf8_unicode_ci DEFAULT NULL,
  `roles` longtext COLLATE utf8_unicode_ci NOT NULL COMMENT '(DC2Type:array)',
  `actif` tinyint(1) NOT NULL DEFAULT '1',
  `jeuEnCours` varchar(255) COLLATE utf8_unicode_ci DEFAULT NULL,
  `enAttenteBleach` tinyint(1) DEFAULT '0',
  `isDeckBleachDisponible` tinyint(1) DEFAULT '0',
  `enAttenteQuickstrike` tinyint(1) DEFAULT '0',
  `isDeckQuickstrikeDisponible` tinyint(1) DEFAULT '0',
  `enAttenteSaintSeiya` tinyint(1) DEFAULT '0',
  `isDeckSaintSeiyaDisponible` tinyint(1) DEFAULT '0',
  PRIMARY KEY (`id`)
) ENGINE=InnoDB  DEFAULT CHARSET=utf8 COLLATE=utf8_unicode_ci AUTO_INCREMENT=5 ;

--
-- Contenu de la table `joueur`
--

INSERT INTO `joueur` (`id`, `nom`, `prenom`, `username`, `email`, `password`, `salt`, `roles`, `actif`, `jeuEnCours`, `enAttenteBleach`, `isDeckBleachDisponible`, `enAttenteQuickstrike`, `isDeckQuickstrikeDisponible`, `enAttenteSaintSeiya`, `isDeckSaintSeiyaDisponible`) VALUES
(1, 'SMAGGHE', 'julien', 'jeus', 'jsmagghe@gmail.com', 'Z3IvCEHXrVAIT6C9mkuoTs2vNH3aBOYU9grRPGGYmdM3THINKdIRfDg1xz3+ARAvWwR+BObVv+kDPPXp1BKZew==', NULL, 'a:1:{i:0;s:10:"ROLE_ADMIN";}', 1, 'quickstrike', NULL, NULL, 0, 1, NULL, NULL),
(2, 'sipesaque', 'cam', 'cam', 'cam.sipesaque@gmail.com', 'SB9cW6vAV1n9GWZ6rzg3lSeegsfTYKP/fnWeO8iHPeCjFMvB4tdLXW7ZnF3Ub1jFtQtEyJmFgeNDrY5ySkkXkA==', NULL, 'a:1:{i:0;s:10:"ROLE_ADMIN";}', 1, NULL, NULL, NULL, NULL, NULL, NULL, NULL),
(3, 'KOCISZEWSKI', 'Guillaume', 'g3', 'guillaume@itroom.fr', 'bqGVahCB2uYPpveaVqoaUBO3H77Q88tx2Qm8OaK+V1BziulG7d4W4rAf22565Zw3Ovabn1Ep21HALpW5QxyaGQ==', NULL, 'a:1:{i:0;s:9:"ROLE_USER";}', 1, NULL, NULL, NULL, 0, 1, NULL, NULL),
(4, 'test', 'test', 'test', 'jsmagghe@gmail.com', 'stHGdg4MhYOm/OVTWjpMJievIvJqafsQQ3WpWlUNDT6WfHupVWjBQaxdppMQkdCmYSXl6QQQXVYLGL/MDZi5Zw==', NULL, 'a:1:{i:0;s:9:"ROLE_USER";}', 1, NULL, NULL, NULL, 0, 1, NULL, NULL);

-- --------------------------------------------------------

--
-- Structure de la table `quickstrike_carte`
--

CREATE TABLE IF NOT EXISTS `quickstrike_carte` (
  `id` int(11) NOT NULL AUTO_INCREMENT,
  `extension_id` int(11) DEFAULT NULL,
  `effet_id` int(11) DEFAULT NULL,
  `nom` varchar(50) COLLATE utf8_unicode_ci NOT NULL,
  `numero` varchar(10) COLLATE utf8_unicode_ci NOT NULL,
  `image` varchar(255) COLLATE utf8_unicode_ci NOT NULL,
  `coutVert` smallint(6) NOT NULL,
  `coutJaune` smallint(6) NOT NULL,
  `coutRouge` smallint(6) NOT NULL,
  `intercept` smallint(6) NOT NULL,
  `attaque` smallint(6) NOT NULL,
  `personnageChamber` varchar(20) COLLATE utf8_unicode_ci NOT NULL,
  `typeCarte_id` int(11) DEFAULT NULL,
  PRIMARY KEY (`id`),
  KEY `IDX_687A7A43812D5EB` (`extension_id`),
  KEY `IDX_687A7A436CD82268` (`typeCarte_id`),
  KEY `IDX_687A7A43E76D37FA` (`effet_id`)
) ENGINE=InnoDB  DEFAULT CHARSET=utf8 COLLATE=utf8_unicode_ci AUTO_INCREMENT=1179 ;

--
-- Contenu de la table `quickstrike_carte`
--

INSERT INTO `quickstrike_carte` (`id`, `extension_id`, `effet_id`, `nom`, `numero`, `image`, `coutVert`, `coutJaune`, `coutRouge`, `intercept`, `attaque`, `personnageChamber`, `typeCarte_id`) VALUES
(1, 1, 280, 'Hunter''s Pride', 'DAS001', 'DAS001.png', 0, 0, 0, 6, 5, 'duncan', 1),
(2, 1, 281, 'Dark Solstice', 'DAS001v', 'DAS001v.png', 0, 1, 1, 8, 6, 'duncan', 1),
(3, 1, 280, 'Hunter''s Pride', 'DAS002', 'DAS002.png', 0, 0, 0, 6, 5, 'duncan', 1),
(4, 1, 281, 'Dark Solstice', 'DAS002v', 'DAS002v.png', 0, 1, 1, 8, 6, 'duncan', 1),
(5, 1, 280, 'Hunter''s Pride', 'DAS003', 'DAS003.png', 0, 0, 0, 6, 5, 'duncan', 1),
(6, 1, 282, 'Cyclone of Perdition', 'DAS003v', 'DAS003v.png', 0, 1, 1, 6, 7, 'duncan', 1),
(7, 1, 283, 'Gethsemane', 'DAS004', 'DAS004.png', 0, 1, 0, 5, 6, 'duncan', 1),
(8, 1, 281, 'Dark Solstice', 'DAS004v', 'DAS004v.png', 0, 1, 1, 8, 6, 'duncan', 1),
(9, 1, 283, 'Gethsemane', 'DAS005', 'DAS005.png', 0, 1, 0, 5, 6, 'duncan', 1),
(10, 1, 282, 'Cyclone of Perdition', 'DAS005v', 'DAS005v.png', 0, 1, 1, 6, 7, 'duncan', 1),
(11, 1, 283, 'Gethsemane', 'DAS006', 'DAS006.png', 0, 1, 0, 5, 6, 'duncan', 1),
(12, 1, 284, 'Besiege', 'DAS006v', 'DAS006v.png', 0, 3, 0, 5, 8, 'duncan', 1),
(13, 1, 285, 'Maiden Voyage', 'DAS007', 'DAS007.png', 0, 0, 1, 5, 5, 'jeanne', 1),
(14, 1, 286, 'Angry Chair', 'DAS007v', 'DAS007v.png', 0, 0, 1, 6, 6, 'jeanne', 1),
(15, 1, 285, 'Maiden Voyage', 'DAS008', 'DAS008.png', 0, 0, 1, 5, 5, 'jeanne', 1),
(16, 1, 286, 'Angry Chair', 'DAS008v', 'DAS008v.png', 0, 0, 1, 6, 6, 'jeanne', 1),
(17, 1, 285, 'Maiden Voyage', 'DAS009', 'DAS009.png', 0, 0, 1, 5, 5, 'jeanne', 1),
(18, 1, 287, 'Cage of Penitence', 'DAS009v', 'DAS009v.png', 0, 0, 1, 7, 7, 'jeanne', 1),
(19, 1, 288, 'Mash''s Splendor', 'DAS010', 'DAS010.png', 0, 0, 1, 5, 6, 'jeanne', 1),
(20, 1, 286, 'Angry Chair', 'DAS010v', 'DAS010v.png', 0, 0, 1, 6, 6, 'jeanne', 1),
(21, 1, 288, 'Mash''s Splendor', 'DAS011', 'DAS011.png', 0, 0, 1, 5, 6, 'jeanne', 1),
(22, 1, 287, 'Cage of Penitence', 'DAS011v', 'DAS011v.png', 0, 0, 1, 7, 7, 'jeanne', 1),
(23, 1, 288, 'Mash''s Splendor', 'DAS012', 'DAS012.png', 0, 0, 1, 5, 6, 'jeanne', 1),
(24, 1, 289, 'Wrath of Babylon', 'DAS012v', 'DAS012v.png', 0, 0, 1, 7, 7, 'jeanne', 1),
(25, 1, 290, 'Rocket Kick', 'DAS013', 'DAS013.png', 0, 1, 0, 5, 5, 'jun', 1),
(26, 1, 123, 'Stir the Shadows', 'DAS013v', 'DAS013v.png', 0, 0, 2, 5, 7, 'jun', 1),
(27, 1, 290, 'Rocket Kick', 'DAS014', 'DAS014.png', 0, 1, 0, 5, 5, 'jun', 1),
(28, 1, 123, 'Stir the Shadows', 'DAS014v', 'DAS014v.png', 0, 0, 2, 5, 7, 'jun', 1),
(29, 1, 290, 'Rocket Kick', 'DAS015', 'DAS015.png', 0, 1, 0, 5, 5, 'jun', 1),
(30, 1, 290, 'Fojan Kick', 'DAS015v', 'DAS015v.png', 0, 1, 1, 8, 7, 'jun', 1),
(31, 1, NULL, 'Rocket Punch', 'DAS016', 'DAS016.png', 1, 0, 1, 7, 6, 'jun', 1),
(32, 1, 123, 'Stir the Shadows', 'DAS016v', 'DAS016v.png', 0, 0, 2, 5, 7, 'jun', 1),
(33, 1, NULL, 'Rocket Punch', 'DAS017', 'DAS017.png', 1, 0, 1, 7, 6, 'jun', 1),
(34, 1, 290, 'Fojan Kick', 'DAS017v', 'DAS017v.png', 0, 1, 1, 8, 7, 'jun', 1),
(35, 1, NULL, 'Rocket Punch', 'DAS018', 'DAS018.png', 1, 0, 1, 7, 6, 'jun', 1),
(36, 1, NULL, 'Daodando Kick', 'DAS018v', 'DAS018v.png', 0, 1, 2, 7, 9, 'jun', 1),
(37, 1, 291, 'Sky to Ground Power Dive', 'DAS019', 'DAS019.png', 0, 0, 0, 4, 1, 'len', 1),
(38, 1, 292, 'Super Bujin', 'DAS019v', 'DAS019v.png', 0, 1, 0, 5, 1, 'len', 1),
(39, 1, 291, 'Sky to Ground Power Dive', 'DAS020', 'DAS020.png', 0, 0, 0, 4, 1, 'len', 1),
(40, 1, 292, 'Super Bujin', 'DAS020v', 'DAS020v.png', 0, 1, 0, 5, 1, 'len', 1),
(41, 1, 291, 'Sky to Ground Power Dive', 'DAS021', 'DAS021.png', 0, 0, 0, 4, 1, 'len', 1),
(42, 1, 293, 'Rapid Tempo Assault', 'DAS021v', 'DAS021v.png', 0, 0, 0, 6, 6, 'len', 1),
(43, 1, 86, 'Golden Punch', 'DAS022', 'DAS022.png', 1, 0, 0, 5, 5, 'len', 1),
(44, 1, 292, 'Super Bujin', 'DAS022v', 'DAS022v.png', 0, 1, 0, 5, 1, 'len', 1),
(45, 1, 86, 'Golden Punch', 'DAS023', 'DAS023.png', 1, 0, 0, 5, 5, 'len', 1),
(46, 1, 293, 'Rapid Tempo Assault', 'DAS023v', 'DAS023v.png', 0, 0, 0, 6, 6, 'len', 1),
(47, 1, 86, 'Golden Punch', 'DAS024', 'DAS024.png', 1, 0, 0, 5, 5, 'len', 1),
(48, 1, 294, 'Black Raven in White Phoenix', 'DAS024v', 'DAS024v.png', 0, 1, 0, 7, 7, 'len', 1),
(49, 1, 295, 'Hand Plant Barrage', 'DAS025', 'DAS025.png', 2, 0, 0, 5, 5, 'lola', 1),
(50, 1, 296, 'Goodnight Kiss', 'DAS025v', 'DAS025v.png', 0, 2, 0, 7, 6, 'lola', 1),
(51, 1, 295, 'Hand Plant Barrage', 'DAS026', 'DAS026.png', 2, 0, 0, 5, 5, 'lola', 1),
(52, 1, 296, 'Goodnight Kiss', 'DAS026v', 'DAS026v.png', 0, 2, 0, 7, 6, 'lola', 1),
(53, 1, 295, 'Hand Plant Barrage', 'DAS027', 'DAS027.png', 2, 0, 0, 5, 5, 'lola', 1),
(54, 1, 297, 'Shooting Star', 'DAS027v', 'DAS027v.png', 0, 0, 0, 0, 6, 'lola', 1),
(55, 1, 298, 'Evil Ollie', 'DAS028', 'DAS028.png', 0, 0, 0, 6, 5, 'lola', 1),
(56, 1, 296, 'Goodnight Kiss', 'DAS028v', 'DAS028v.png', 0, 2, 0, 7, 6, 'lola', 1),
(57, 1, 298, 'Evil Ollie', 'DAS029', 'DAS029.png', 0, 0, 0, 6, 5, 'lola', 1),
(58, 1, 297, 'Shooting Star', 'DAS029v', 'DAS029v.png', 0, 0, 0, 0, 6, 'lola', 1),
(59, 1, 298, 'Evil Ollie', 'DAS030', 'DAS030.png', 0, 0, 0, 6, 5, 'lola', 1),
(60, 1, 299, 'Engulfing Helix', 'DAS030v', 'DAS030v.png', 1, 0, 1, 0, 0, 'lola', 1),
(61, 1, 300, 'Ricochet Riot', 'DAS031', 'DAS031.png', 0, 1, 0, 9, 1, 'lyserg', 1),
(62, 1, 301, 'X-terminate', 'DAS031v', 'DAS031v.png', 1, 0, 1, 10, 5, 'lyserg', 1),
(63, 1, 300, 'Ricochet Riot', 'DAS032', 'DAS032.png', 0, 1, 0, 9, 1, 'lyserg', 1),
(64, 1, 301, 'X-terminate', 'DAS032v', 'DAS032v.png', 1, 0, 1, 10, 5, 'lyserg', 1),
(65, 1, 300, 'Ricochet Riot', 'DAS033', 'DAS033.png', 0, 1, 0, 9, 1, 'lyserg', 1),
(66, 1, 302, 'Dowsing Pendulum', 'DAS033v', 'DAS033v.png', 0, 0, 0, 8, 6, 'lyserg', 1),
(67, 1, 303, 'Homing Pendulum', 'DAS034', 'DAS034.png', 1, 0, 0, 4, 4, 'lyserg', 1),
(68, 1, 301, 'X-terminate', 'DAS034v', 'DAS034v.png', 1, 0, 1, 10, 5, 'lyserg', 1),
(69, 1, 303, 'Homing Pendulum', 'DAS035', 'DAS035.png', 1, 0, 0, 4, 4, 'lyserg', 1),
(70, 1, 302, 'Dowsing Pendulum', 'DAS035v', 'DAS035v.png', 0, 0, 0, 8, 6, 'lyserg', 1),
(71, 1, 303, 'Homing Pendulum', 'DAS036', 'DAS036.png', 1, 0, 0, 4, 4, 'lyserg', 1),
(72, 1, 304, 'Big Ben Blitz', 'DAS036v', 'DAS036v.png', 0, 2, 0, 7, 7, 'lyserg', 1),
(73, 1, 305, 'Trick or Treat', 'DAS037', 'DAS037.png', 0, 0, 0, 5, 5, 'matti', 1),
(74, 1, 306, 'Ultimate Hallow Slash', 'DAS037v', 'DAS037v.png', 0, 0, 0, 8, 5, 'matti', 1),
(75, 1, 305, 'Trick or Treat', 'DAS038', 'DAS038.png', 0, 0, 0, 5, 5, 'matti', 1),
(76, 1, 306, 'Ultimate Hallow Slash', 'DAS038v', 'DAS038v.png', 0, 0, 0, 8, 5, 'matti', 1),
(77, 1, 305, 'Trick or Treat', 'DAS039', 'DAS039.png', 0, 0, 0, 5, 5, 'matti', 1),
(78, 1, 305, 'Halloween Rip', 'DAS039v', 'DAS039v.png', 0, 0, 0, 7, 7, 'matti', 1),
(79, 1, 307, 'Slice and Dice', 'DAS040', 'DAS040.png', 0, 0, 0, 5, 5, 'matti', 1),
(80, 1, 306, 'Ultimate Hallow Slash', 'DAS040v', 'DAS040v.png', 0, 0, 0, 8, 5, 'matti', 1),
(81, 1, 307, 'Slice and Dice', 'DAS041', 'DAS041.png', 0, 0, 0, 5, 5, 'matti', 1),
(82, 1, 305, 'Halloween Rip', 'DAS041v', 'DAS041v.png', 0, 0, 0, 7, 7, 'matti', 1),
(83, 1, 307, 'Slice and Dice', 'DAS042', 'DAS042.png', 0, 0, 0, 5, 5, 'matti', 1),
(84, 1, 308, 'Pumpkin Dumpkin', 'DAS042v', 'DAS042v.png', 0, 0, 0, 6, 6, 'matti', 1),
(85, 1, 309, 'Scimitar of Snow', 'DAS043', 'DAS043.png', 0, 0, 0, 5, 5, 'trey', 1),
(86, 1, 66, 'Ice Dagger Attack', 'DAS043v', 'DAS043v.png', 0, 2, 0, 12, 0, 'trey', 1),
(87, 1, 309, 'Scimitar of Snow', 'DAS044', 'DAS044.png', 0, 0, 0, 5, 5, 'trey', 1),
(88, 1, 66, 'Ice Dagger Attack', 'DAS044v', 'DAS044v.png', 0, 2, 0, 12, 0, 'trey', 1),
(89, 1, 309, 'Scimitar of Snow', 'DAS045', 'DAS045.png', 0, 0, 0, 5, 5, 'trey', 1),
(90, 1, 310, 'Mogul Buster', 'DAS045v', 'DAS045v.png', 0, 0, 0, 15, 5, 'trey', 1),
(91, 1, 311, 'Avalanche', 'DAS046', 'DAS046.png', 0, 1, 0, 6, 5, 'trey', 1),
(92, 1, 66, 'Ice Dagger Attack', 'DAS046v', 'DAS046v.png', 0, 2, 0, 12, 0, 'trey', 1),
(93, 1, 311, 'Avalanche', 'DAS047', 'DAS047.png', 0, 1, 0, 6, 5, 'trey', 1),
(94, 1, 310, 'Mogul Buster', 'DAS047v', 'DAS047v.png', 0, 0, 0, 15, 5, 'trey', 1),
(95, 1, 311, 'Avalanche', 'DAS048', 'DAS048.png', 0, 1, 0, 6, 5, 'trey', 1),
(96, 1, 312, 'Corey Into the Ikupasi', 'DAS048v', 'DAS048v.png', 0, 0, 0, 7, 6, 'trey', 1),
(97, 1, 313, 'Tome of the Shaman', 'DAS049', 'DAS049.png', 1, 0, 0, 5, 5, 'yoh', 1),
(98, 1, 314, 'Grand Halo Blade', 'DAS049v', 'DAS049v.png', 0, 0, 2, 7, 6, 'yoh', 1),
(99, 1, 313, 'Tome of the Shaman', 'DAS050', 'DAS050.png', 1, 0, 0, 5, 5, 'yoh', 1),
(100, 1, 314, 'Grand Halo Blade', 'DAS050v', 'DAS050v.png', 0, 0, 2, 7, 6, 'yoh', 1),
(101, 1, 313, 'Tome of the Shaman', 'DAS051', 'DAS051.png', 1, 0, 0, 5, 5, 'yoh', 1),
(102, 1, 315, 'Celestial Slash', 'DAS051v', 'DAS051v.png', 1, 1, 0, 6, 6, 'yoh', 1),
(103, 1, 316, 'Overhead Thwap', 'DAS052', 'DAS052.png', 0, 0, 1, 6, 6, 'yoh', 1),
(104, 1, 314, 'Grand Halo Blade', 'DAS052v', 'DAS052v.png', 0, 0, 2, 7, 6, 'yoh', 1),
(105, 1, 316, 'Overhead Thwap', 'DAS053', 'DAS053.png', 0, 0, 1, 6, 6, 'yoh', 1),
(106, 1, 315, 'Celestial Slash', 'DAS053v', 'DAS053v.png', 1, 1, 0, 6, 6, 'yoh', 1),
(107, 1, 316, 'Overhead Thwap', 'DAS054', 'DAS054.png', 0, 0, 1, 6, 6, 'yoh', 1),
(108, 1, 317, 'Double Medium', 'DAS054v', 'DAS054v.png', 0, 0, 0, 6, 6, 'yoh', 1),
(109, 1, 318, 'Roaring Flames', 'DAS055', 'DAS055.png', 0, 1, 0, 5, 4, 'zeke', 1),
(110, 1, 319, 'Meltdown', 'DAS055v', 'DAS055v.png', 0, 0, 1, 6, 6, 'zeke', 1),
(111, 1, 318, 'Roaring Flames', 'DAS056', 'DAS056.png', 0, 1, 0, 5, 4, 'zeke', 1),
(112, 1, 319, 'Meltdown', 'DAS056v', 'DAS056v.png', 0, 0, 1, 6, 6, 'zeke', 1),
(113, 1, 318, 'Roaring Flames', 'DAS057', 'DAS057.png', 0, 1, 0, 5, 4, 'zeke', 1),
(114, 1, 320, 'Incinerate', 'DAS057v', 'DAS057v.png', 1, 0, 2, 8, 8, 'zeke', 1),
(115, 1, 321, 'Author''s Insight', 'DAS058', 'DAS058.png', 0, 1, 1, 6, 6, 'zeke', 1),
(116, 1, 319, 'Meltdown', 'DAS058v', 'DAS058v.png', 0, 0, 1, 6, 6, 'zeke', 1),
(117, 1, 321, 'Author''s Insight', 'DAS059', 'DAS059.png', 0, 1, 1, 6, 6, 'zeke', 1),
(118, 1, 320, 'Incinerate', 'DAS059v', 'DAS059v.png', 1, 0, 2, 8, 8, 'zeke', 1),
(119, 1, 321, 'Author''s Insight', 'DAS060', 'DAS060.png', 0, 1, 1, 6, 6, 'zeke', 1),
(120, 1, 322, 'Elemental Transmutation', 'DAS060v', 'DAS060v.png', 0, 0, 0, 10, 6, 'zeke', 1),
(121, 1, 1, 'Amidamaru - LEGENDARY SAMURAI', 'REI001', 'REI001.png', 1, 0, 0, 0, 0, 'yoh', 2),
(122, 1, 2, '1080 Flash', 'REI002', 'REI002.png', 1, 0, 0, 3, 2, '', 3),
(123, 1, 3, 'Eon Crush', 'REI003', 'REI003.png', 1, 0, 0, 2, 2, '', 3),
(124, 1, 4, 'Devoted Sentry', 'REI004', 'REI004.png', 1, 0, 0, 0, 0, '', 4),
(125, 1, 5, 'Decipher the Runes', 'REI005', 'REI005.png', 1, 0, 0, 0, 0, '', 4),
(126, 1, 6, 'Conviction', 'REI006', 'REI006.png', 1, 0, 0, 0, 0, '', 4),
(127, 1, 7, 'Spreading Darkness', 'REI007', 'REI007.png', 1, 0, 0, 0, 0, '', 4),
(128, 1, 8, 'Reposition', 'REI008', 'REI008.png', 1, 0, 0, 0, 0, '', 4),
(129, 1, 9, 'Ancient Discipline', 'REI009', 'REI009.png', 1, 0, 0, 2, 6, '', 3),
(130, 1, 10, 'Spirit Aim', 'REI010', 'REI010.png', 1, 0, 0, 0, 0, '', 4),
(131, 1, 11, 'Fateful Choice', 'REI011', 'REI011.png', 1, 0, 0, 0, 0, '', 4),
(132, 1, 12, 'Lee Pai-Long - DADDANDO MASTER', 'REI012', 'REI012.png', 1, 0, 0, 0, 0, 'jun', 2),
(133, 1, 13, 'Lililala - KEEPER OF MEMORIES', 'REI013', 'REI013.png', 1, 0, 0, 0, 0, '', 2),
(134, 1, 14, 'Lyserg - FRESH RECRUIT', 'REI014', 'REI014.png', 1, 0, 0, 0, 0, '', 2),
(135, 1, 15, 'Marco - COMMANDER', 'REI015', 'REI015.png', 1, 0, 0, 0, 0, '', 2),
(136, 1, 16, 'Nergal''s Roar', 'REI016', 'REI016.png', 1, 0, 0, 1, 1, 'duncan', 3),
(137, 1, 17, 'No Quarter', 'REI017', 'REI017.png', 1, 0, 0, 0, 0, '', 4),
(138, 1, 18, 'Shikigami', 'REI018', 'REI018.png', 1, 0, 0, 3, 1, '', 3),
(139, 1, 19, 'Manifestation of Power', 'REI019', 'REI019.png', 1, 0, 0, 3, 1, '', 3),
(140, 1, 20, 'United Front', 'REI020', 'REI020.png', 2, 0, 0, 3, 6, '', 3),
(141, 1, 21, 'Rio - DEAD ENDER', 'REI021', 'REI021.png', 1, 0, 0, 0, 0, '', 2),
(142, 1, 22, 'Braingrab', 'REI022', 'REI022.png', 1, 0, 0, 0, 0, '', 4),
(143, 1, 23, 'Tao En - DARK DICTATOR', 'REI023', 'REI023.png', 1, 0, 0, 0, 0, '', 2),
(144, 1, 24, 'Ward Off', 'REI024', 'REI024.png', 1, 0, 0, 0, 0, '', 4),
(145, 1, 25, 'Venster - TACTICIAN', 'REI025', 'REI025.png', 1, 0, 0, 0, 0, '', 2),
(146, 1, 26, 'Zeke - UTOPIAN ARCHITECT', 'REI026', 'REI026.png', 1, 0, 0, 0, 0, '', 2),
(147, 1, 27, 'Hijinks', 'REI027', 'REI027.png', 2, 0, 0, 0, 0, 'lola', 4),
(148, 1, 28, 'Hunter''s Perch', 'REI028', 'REI028.png', 2, 0, 0, 0, 0, '', 4),
(149, 1, 29, 'Thief''s Honor', 'REI029', 'REI029.png', 2, 0, 0, 0, 0, '', 4),
(150, 1, 30, 'Sucker Punch', 'REI030', 'REI030.png', 2, 0, 0, 3, 5, '', 3),
(151, 1, 31, 'Ponder, Reflect, Consider', 'REI031', 'REI031.png', 2, 0, 0, 0, 0, '', 4),
(152, 1, 32, 'Euthanize', 'REI032', 'REI032.png', 2, 0, 0, 4, 3, '', 3),
(153, 1, 33, 'Pounce', 'REI033', 'REI033.png', 2, 0, 0, 4, 4, '', 3),
(154, 1, 34, 'Dragon Aura', 'REI034', 'REI034.png', 2, 0, 0, 0, 0, '', 4),
(155, 1, 35, 'Rain of Bones', 'REI035', 'REI035.png', 2, 0, 0, 4, 3, '', 3),
(156, 1, 36, 'Talisman Warrior', 'REI036', 'REI036.png', 2, 0, 0, 4, 5, '', 3),
(157, 1, 37, 'Ponchi Punch', 'REI037', 'REI037.png', 2, 0, 0, 4, 1, '', 3),
(158, 1, 38, 'Ten More Sit-ups', 'REI038', 'REI038.png', 2, 0, 0, 0, 0, '', 4),
(159, 1, 39, 'Tandem Tomfoolery', 'REI039', 'REI039.png', 2, 0, 0, 3, 3, '', 3),
(160, 1, 40, 'Swooping Talon', 'REI040', 'REI040.png', 3, 0, 0, 6, 3, '', 3),
(161, 1, 41, 'Strafe', 'REI041', 'REI041.png', 3, 0, 0, 4, 4, '', 3),
(162, 1, 42, 'Relax', 'REI042', 'REI042.png', 3, 0, 0, 0, 0, '', 4),
(163, 1, 43, 'Sideswipe', 'REI043', 'REI043.png', 3, 0, 0, 4, 5, '', 3),
(164, 1, 44, 'Owned!', 'REI044', 'REI044.png', 3, 0, 0, 6, 4, '', 3),
(165, 1, 45, 'Honing Blades', 'REI045', 'REI045.png', 3, 0, 0, 5, 4, '', 3),
(166, 1, NULL, 'Blistering Onslaught', 'REI046', 'REI046.png', 4, 0, 0, 6, 6, '', 3),
(167, 1, 46, 'Icicle Assault', 'REI047', 'REI047.png', 4, 0, 0, 4, 3, 'trey', 3),
(168, 1, 36, 'Thorough Schooling', 'REI048', 'REI048.png', 4, 0, 0, 8, 4, '', 3),
(169, 1, 47, 'Cherub''s Blessing', 'REI049', 'REI049.png', 0, 0, 1, 0, 0, '', 4),
(170, 1, 48, 'Kanna - TUBE-TOPPED TERROR', 'REI050', 'REI050.png', 0, 0, 1, 0, 0, '', 2),
(171, 1, 49, 'Reverberate', 'REI051', 'REI051.png', 0, 0, 1, 5, 5, '', 3),
(172, 1, 50, 'Mari - DOLL MISTRESS', 'REI052', 'REI052.png', 0, 0, 1, 0, 0, '', 2),
(173, 1, 51, 'Day of Atonement', 'REI053', 'REI053.png', 0, 0, 1, 0, 0, '', 4),
(174, 1, 9, 'Volatile Exhumation', 'REI054', 'REI054.png', 0, 0, 1, 1, 6, '', 3),
(175, 1, 52, 'Imposing Grandeur', 'REI055', 'REI055.png', 1, 0, 1, 0, 0, '', 4),
(176, 1, 53, 'Jaded Sphere', 'REI056', 'REI056.png', 1, 0, 1, 9, 3, '', 3),
(177, 1, 54, 'Titanic Summons', 'REI057', 'REI057.png', 1, 0, 1, 7, 4, '', 3),
(178, 1, 55, 'Showboat', 'REI058', 'REI058.png', 1, 0, 1, 5, 7, '', 3),
(179, 1, 56, 'Furious Response', 'REI059', 'REI059.png', 1, 0, 1, 8, 3, '', 3),
(180, 1, 57, 'Shared Purpose', 'REI060', 'REI060.png', 1, 0, 1, 6, 5, '', 3),
(181, 1, 58, 'Captive', 'REI061', 'REI061.png', 1, 0, 1, 0, 0, 'lyserg', 4),
(182, 1, 59, 'Tectonic Spikes', 'REI062', 'REI062.png', 2, 0, 1, 6, 4, '', 3),
(183, 1, 60, 'Disheartening Blow', 'REI063', 'REI063.png', 1, 0, 1, 7, 4, '', 3),
(184, 1, 61, 'Purity of Mind', 'REI064', 'REI064.png', 1, 0, 1, 6, 4, '', 3),
(185, 1, 62, 'Necrawakening', 'REI065', 'REI065.png', 1, 0, 1, 5, 5, '', 3),
(186, 1, 63, 'Spirit of Fire - IMMORTAL LEGACY', 'REI066', 'REI066.png', 1, 0, 1, 0, 0, 'zeke', 2),
(187, 1, 64, 'Bring It', 'REI067', 'REI067.png', 1, 0, 1, 0, 0, '', 4),
(188, 1, 65, 'Wrath of the Prisoner', 'REI068', 'REI068.png', 1, 0, 1, 0, 0, '', 4),
(189, 1, 66, 'Gush of Flame', 'REI069', 'REI069.png', 2, 0, 1, 9, 0, '', 3),
(190, 1, 67, 'Burning Hunger', 'REI070', 'REI070.png', 3, 0, 1, 5, 5, '', 3),
(191, 1, NULL, 'Mystic Beam', 'REI071', 'REI071.png', 3, 0, 1, 4, 7, '', 3),
(192, 1, NULL, 'Barren Justice', 'REI072', 'REI072.png', 2, 1, 0, 5, 5, '', 3),
(193, 1, 68, 'Viaticum', 'REI073', 'REI073.png', 0, 0, 3, 8, 8, 'jeanne', 3),
(194, 1, 69, 'Ultra Cavalry Charge', 'REI074', 'REI074.png', 0, 0, 4, 4, 10, 'len', 3),
(195, 1, 70, 'Triumph of Will', 'REI075', 'REI075.png', 0, 1, 1, 0, 0, '', 4),
(196, 1, 71, 'Smoldering Confidence', 'REI076', 'REI076.png', 0, 1, 1, 10, 5, '', 3),
(197, 1, 66, 'Dynamic Slice', 'REI077', 'REI077.png', 0, 1, 1, 5, 4, '', 3),
(198, 1, 72, 'Feral Instict', 'REI078', 'REI078.png', 1, 1, 1, 0, 0, '', 4),
(199, 1, NULL, 'Totem Blast', 'REI079', 'REI079.png', 1, 1, 1, 6, 6, '', 3),
(200, 1, 73, 'Blinding Foray', 'REI080', 'REI080.png', 0, 2, 1, 6, 6, '', 3),
(201, 1, 74, 'Unerring Garrote', 'REI081', 'REI081.png', 1, 2, 1, 6, 7, '', 3),
(202, 1, 75, 'Conchi Kick', 'REI082', 'REI082.png', 0, 1, 0, 4, 3, '', 3),
(203, 1, NULL, 'Flamboyant Arrival', 'REI083', 'REI083.png', 0, 1, 0, 4, 4, '', 3),
(204, 1, 76, 'Duncan - CRUSADER', 'REI084', 'REI084.png', 0, 1, 0, 0, 0, '', 2),
(205, 1, 77, 'Snowdrift', 'REI085', 'REI085.png', 0, 1, 0, 4, 3, '', 3),
(206, 1, 78, 'Faust VIII', 'REI086', 'REI086.png', 0, 1, 0, 0, 0, '', 2),
(207, 1, 79, 'Focal Point', 'REI087', 'REI087.png', 0, 1, 0, 0, 0, '', 4),
(208, 1, 49, 'Fetish Frenzy', 'REI088', 'REI088.png', 0, 1, 0, 5, 1, '', 3),
(209, 1, 80, 'Razor''s Edge', 'REI089', 'REI089.png', 0, 1, 0, 3, 3, '', 3),
(210, 1, 81, 'Desolate screams', 'REI090', 'REI090.png', 0, 1, 0, 0, 0, '', 4),
(211, 1, 82, 'Jeanne - IRON MAIDEN', 'REI091', 'REI091.png', 0, 1, 0, 0, 0, '', 2),
(212, 1, 83, 'Joco - JOCULAR COMEDIAN', 'REI092', 'REI092.png', 0, 1, 0, 0, 0, '', 2),
(213, 1, 84, 'Mikihasa - MASKED MENTOR', 'REI093', 'REI093.png', 0, 1, 0, 0, 0, '', 2),
(214, 1, 85, 'Milly - LITTLE DARLING', 'REI094', 'REI094.png', 0, 1, 0, 0, 0, '', 2),
(215, 1, 86, 'Oppression', 'REI095', 'REI095.png', 0, 1, 0, 0, 0, '', 4),
(216, 1, NULL, 'Seismic Eruption', 'REI096', 'REI096.png', 0, 1, 0, 3, 6, '', 3),
(217, 1, 87, 'Bone Army', 'REI097', 'REI097.png', 0, 1, 0, 4, 1, '', 3),
(218, 1, 88, 'Silva - IMPARTIAL JUDGE', 'REI098', 'REI098.png', 0, 1, 0, 0, 0, '', 2),
(219, 1, 89, 'Jun - BIG SISTER', 'REI099', 'REI099.png', 0, 1, 0, 0, 0, '', 2),
(220, 1, 90, 'Venster - PUNISHER', 'REI100', 'REI100.png', 0, 1, 0, 0, 0, '', 2),
(221, 1, 91, 'Yohmei - ASAKURA PATRIARCH', 'REI101', 'REI101.png', 0, 1, 0, 0, 0, '', 2),
(222, 1, 92, 'Misery Loves Company', 'REI102', 'REI102.png', 1, 1, 0, 5, 3, '', 3),
(223, 1, 93, 'Anna - FUTURE SHAMAN QUEEN', 'REI103', 'REI103.png', 1, 1, 0, 0, 0, '', 2),
(224, 1, 94, 'Assailing Aegis', 'REI104', 'REI104.png', 3, 0, 0, 4, 4, '', 3),
(225, 1, 95, 'Rush to Judgment', 'REI105', 'REI105.png', 1, 1, 0, 5, 2, '', 3),
(226, 1, 96, 'Groundswell', 'REI106', 'REI106.png', 1, 1, 0, 4, 1, '', 3),
(227, 1, 97, 'Incendiary Disposition', 'REI107', 'REI107.png', 1, 1, 0, 5, 3, '', 3),
(228, 1, 98, 'Matti - WITCH IN PIGTAILS', 'REI108', 'REI108.png', 1, 1, 0, 0, 0, '', 2),
(229, 1, 99, 'Precognition', 'REI109', 'REI109.png', 1, 1, 0, 5, 5, '', 3),
(230, 1, 56, 'Rebuking Blade', 'REI110', 'REI110.png', 1, 1, 0, 5, 2, '', 3),
(231, 1, 100, 'Concussive Blast', 'REI111', 'REI111.png', 1, 1, 0, 5, 3, '', 3),
(232, 1, 101, 'Pleasant Distraction', 'REI112', 'REI112.png', 1, 1, 0, 0, 0, '', 4),
(233, 1, 102, 'Triple Threat', 'REI113', 'REI113.png', 1, 1, 0, 1, 5, '', 3),
(234, 1, 103, 'Ice Storm', 'REI114', 'REI114.png', 1, 1, 0, 1, 7, '', 3),
(235, 1, 104, 'Cleanse', 'REI115', 'REI115.png', 1, 1, 0, 0, 0, '', 4),
(236, 1, 105, 'Center', 'REI116', 'REI116.png', 1, 1, 0, 0, 0, '', 4),
(237, 1, 106, 'Turbine - DESERT WARRIOR', 'REI117', 'REI117.png', 1, 1, 0, 0, 0, '', 2),
(238, 1, 107, 'Director''s Cut', 'REI118', 'REI118.png', 2, 1, 0, 5, 5, '', 3),
(239, 1, 108, 'Dark Ascendance', 'REI119', 'REI119.png', 2, 1, 0, 4, 3, '', 3),
(240, 1, 109, 'Ancestral Apparitions', 'REI120', 'REI120.png', 2, 1, 0, 6, 4, '', 3),
(241, 1, 110, 'Tag Team', 'REI121', 'REI121.png', 2, 1, 0, 5, 4, '', 3),
(242, 1, 33, 'Comeuppance', 'REI122', 'REI122.png', 2, 1, 0, 5, 5, '', 3),
(243, 1, 111, 'Outnumber', 'REI123', 'REI123.png', 2, 1, 0, 6, 3, '', 3),
(244, 1, 112, 'Thread the Needle', 'REI124', 'REI124.png', 2, 1, 0, 6, 4, '', 3),
(245, 1, 113, 'Rail Bird', 'REI125', 'REI125.png', 2, 1, 0, 6, 3, '', 3),
(246, 1, 114, 'Rouge Shot', 'REI126', 'REI126.png', 2, 1, 0, 6, 4, '', 3),
(247, 1, 115, 'Bestial Savvy', 'REI127', 'REI127.png', 3, 1, 0, 0, 0, '', 4),
(248, 1, 116, 'Big Bill - FOOTBALL FANATIC', 'REI128', 'REI128.png', 0, 2, 0, 0, 0, '', 2),
(249, 1, 117, 'Yamatano Orochi', 'REI129', 'REI129.png', 1, 0, 1, 7, 5, '', 3),
(250, 1, 118, 'Epicenter', 'REI130', 'REI130.png', 0, 2, 0, 5, 5, '', 3),
(251, 1, 119, 'Surgeon''s Implements', 'REI131', 'REI131.png', 0, 2, 0, 8, 4, '', 3),
(252, 1, NULL, 'Shattering Palm', 'REI132', 'REI132.png', 0, 2, 0, 4, 6, '', 3),
(253, 1, 120, 'Consuming Hatred', 'REI133', 'REI133.png', 0, 2, 0, 4, 4, '', 3),
(254, 1, 121, 'Invulnerability of the Leaf', 'REI134', 'REI134.png', 0, 2, 0, 0, 0, '', 4),
(255, 1, 122, 'Crackback', 'REI135', 'REI135.png', 0, 2, 0, 5, 5, '', 3),
(256, 1, 123, 'Broom Corn Beatdown', 'REI136', 'REI136.png', 0, 2, 0, 5, 5, '', 3),
(257, 1, 124, 'Thug Life', 'REI137', 'REI137.png', 0, 2, 0, 0, 0, '', 4),
(258, 1, 125, 'Stalefish Grab', 'REI138', 'REI138.png', 1, 2, 0, 6, 4, '', 3),
(259, 1, 126, 'Point Blank', 'REI139', 'REI139.png', 1, 2, 0, 7, 4, '', 3),
(260, 1, 127, 'Mob Mentality', 'REI140', 'REI140.png', 1, 2, 0, 5, 5, '', 3),
(261, 1, 128, 'Baby Steps', 'REI141', 'REI141.png', 0, 4, 0, 6, 6, 'matti', 3),
(262, 2, NULL, 'opening attack', '0', 'opening-attack.png', 0, 0, 0, 0, 4, '', 3),
(263, 3, 129, 'Toph - EARTHBENDER', 'ABK001', 'ABK001.png', 0, 1, 0, 0, 0, '', 2),
(264, 3, 130, 'Princess Azula - FIREBENDER', 'ABK002', 'ABK002.png', 3, 0, 0, 0, 0, '', 2),
(265, 3, 131, 'racing with the wind', 'ABK003', 'ABK003.png', 0, 0, 1, 0, 0, '', 4),
(266, 3, 132, 'in the breach', 'ABK004', 'ABK004.png', 2, 0, 0, 0, 0, '', 4),
(267, 3, 133, 'juggle', 'ABK005', 'ABK005.png', 2, 1, 1, 5, 6, '', 3),
(268, 3, 134, 'taming the flame', 'ABK006', 'ABK006.png', 1, 1, 1, 6, 5, '', 3),
(269, 3, 135, 'water-whirl', 'ABK007', 'ABK007.png', 1, 2, 0, 7, 1, '', 3),
(270, 3, 136, 'boulder roll', 'ABK008', 'ABK008.png', 0, 1, 1, 5, 5, '', 3),
(271, 3, 137, 'blazing axe kick', 'AME001', 'AME001.png', 2, 1, 0, 6, 3, '', 3),
(272, 3, 138, 'boiling point', 'AME002', 'AME002.png', 2, 0, 1, 8, 3, '', 3),
(273, 3, 139, 'burning blade', 'AME003', 'AME003.png', 2, 1, 0, 5, 3, '', 3),
(274, 3, 139, 'burning disc', 'AME004', 'AME004.png', 1, 1, 1, 5, 6, '', 3),
(275, 3, 140, 'burning lash', 'AME005', 'AME005.png', 1, 2, 0, 7, 4, '', 3),
(276, 3, 141, 'doublefoot dropkick', 'AME006', 'AME006.png', 0, 1, 0, 5, 1, '', 3),
(277, 3, 142, 'eye of ozai', 'AME007', 'AME007.png', 0, 2, 0, 4, 6, '', 3),
(278, 3, 143, 'fetch', 'AME008', 'AME008.png', 3, 0, 0, 5, 4, '', 3),
(279, 3, 143, 'flare', 'AME009', 'AME009.png', 0, 1, 0, 4, 3, '', 3),
(280, 3, 144, 'flying fire fist', 'AME010', 'AME010.png', 1, 2, 1, 5, 7, '', 3),
(281, 3, 145, 'gout of flame', 'AME011', 'AME011.png', 1, 1, 0, 5, 3, '', 3),
(282, 3, 146, 'jagged ground', 'AME012', 'AME012.png', 1, 0, 0, 2, 2, '', 3),
(283, 3, 147, 'quicksand', 'AME013', 'AME013.png', 1, 0, 0, 3, 4, '', 3),
(284, 3, 148, 'rock the house', 'AME014', 'AME014.png', 1, 0, 1, 6, 3, '', 3),
(285, 3, 149, 'scorching phoenix', 'AME015', 'AME015.png', 1, 1, 1, 6, 6, '', 3),
(286, 3, 150, 'Searing cage', 'AME016', 'AME016.png', 1, 0, 1, 6, 2, '', 3),
(287, 3, 151, 'Stoke the flames', 'AME017', 'AME017.png', 1, 1, 1, 8, 4, '', 3),
(288, 3, 144, 'Tectonic shift', 'AME018', 'AME018.png', 2, 0, 0, 3, 6, '', 3),
(289, 3, 152, 'Titanic fireball', 'AME019', 'AME019.png', 2, 1, 0, 5, 5, '', 3),
(290, 3, 153, 'Wildfire arc', 'AME020', 'AME020.png', 2, 1, 1, 7, 6, '', 3),
(291, 3, 154, 'Blast cushion', 'AME021', 'AME021.png', 2, 0, 1, 8, 1, '', 3),
(292, 3, 155, 'Breath of the dragon', 'AME022', 'AME022.png', 0, 2, 0, 4, 6, '', 3),
(293, 3, 156, 'Canyon sprint', 'AME023', 'AME023.png', 0, 2, 0, 5, 5, '', 3),
(294, 3, 157, 'Careening koi', 'AME024', 'AME024.png', 3, 0, 0, 5, 4, '', 3),
(295, 3, 158, 'Frost blade', 'AME025', 'AME025.png', 0, 1, 0, 3, 4, '', 3),
(296, 3, 159, 'Frost daggers', 'AME026', 'AME026.png', 0, 1, 1, 6, 1, '', 3),
(297, 3, 159, 'Frost spear', 'AME027', 'AME027.png', 1, 0, 1, 4, 5, '', 3),
(298, 3, 160, 'Gale force', 'AME028', 'AME028.png', 2, 0, 0, 3, 6, '', 3),
(299, 3, 161, 'Howling cyclone', 'AME029', 'AME029.png', 3, 0, 1, 8, 7, '', 3),
(300, 3, 162, 'Howling Squall', 'AME030', 'AME030.png', 2, 0, 1, 5, 7, '', 3),
(301, 3, 163, 'Howling wind', 'AME031', 'AME031.png', 0, 0, 1, 5, 5, '', 3),
(302, 3, 164, 'Nimbus churn', 'AME032', 'AME032.png', 1, 1, 1, 7, 5, '', 3),
(303, 3, 160, 'Rocky road', 'AME033', 'AME033.png', 2, 2, 0, 6, 5, '', 3),
(304, 3, 165, 'Spinning tempest', 'AME034', 'AME034.png', 1, 0, 1, 7, 3, '', 3),
(305, 3, 166, 'Swirling flames', 'AME035', 'AME035.png', 2, 0, 1, 5, 6, '', 3),
(306, 3, 155, 'Teeth of the dragon', 'AME036', 'AME036.png', 2, 0, 0, 5, 1, '', 3),
(307, 3, 167, 'Terra break', 'AME037', 'AME037.png', 1, 1, 1, 6, 6, '', 3),
(308, 3, 155, 'Tongue of the dragon', 'AME038', 'AME038.png', 1, 2, 0, 7, 4, '', 3),
(309, 3, 168, 'Water lasso', 'AME039', 'AME039.png', 2, 1, 0, 6, 4, '', 3),
(310, 3, 169, 'Wind on the waves', 'AME040', 'AME040.png', 2, 0, 0, 4, 4, '', 3),
(311, 3, 170, 'bitter batter', 'AME041', 'AME041.png', 0, 1, 0, 4, 3, '', 3),
(312, 3, 171, 'blowback', 'AME042', 'AME042.png', 1, 2, 0, 5, 5, '', 3),
(313, 3, 172, 'creeping crystal', 'AME043', 'AME043.png', 1, 1, 1, 6, 6, '', 3),
(314, 3, 173, 'dancing mists', 'AME044', 'AME044.png', 1, 2, 0, 4, 6, '', 3),
(315, 3, 174, 'double crest', 'AME045', 'AME045.png', 2, 1, 0, 6, 3, '', 3),
(316, 3, 171, 'hurricane vault', 'AME046', 'AME046.png', 2, 0, 0, 3, 5, '', 3),
(317, 3, 175, 'just desserts', 'AME047', 'AME047.png', 0, 2, 0, 7, 1, '', 3),
(318, 3, 176, 'million gallon attack', 'AME048', 'AME048.png', 1, 1, 1, 6, 6, '', 3),
(319, 3, 177, 'mischievous downpour', 'AME049', 'AME049.png', 1, 0, 0, 3, 4, '', 3),
(320, 3, 178, 'sea sphere', 'AME050', 'AME050.png', 0, 2, 0, 5, 5, '', 3),
(321, 3, 178, 'snowball smash', 'AME051', 'AME051.png', 0, 2, 1, 8, 5, '', 3),
(322, 3, 179, 'stifling breeze', 'AME052', 'AME052.png', 3, 0, 0, 6, 4, '', 3),
(323, 3, 179, 'stifling wind', 'AME053', 'AME053.png', 0, 1, 1, 5, 6, '', 3),
(324, 3, 180, 'surf spray', 'AME054', 'AME054.png', 0, 2, 0, 5, 2, '', 3),
(325, 3, 181, 'sweet revenge', 'AME055', 'AME055.png', 3, 0, 0, 5, 3, '', 3),
(326, 3, 182, 'tandem attack', 'AME056', 'AME056.png', 2, 1, 0, 5, 4, '', 3),
(327, 3, 183, 'wall of water', 'AME057', 'AME057.png', 0, 3, 0, 8, 1, '', 3),
(328, 3, 184, 'whirling debris', 'AME058', 'AME058.png', 0, 0, 1, 4, 4, '', 3),
(329, 3, 185, 'windmill barrier', 'AME059', 'AME059.png', 0, 2, 0, 6, 5, '', 3),
(330, 3, 185, 'windmill dome', 'AME060', 'AME060.png', 1, 0, 1, 7, 4, '', 3),
(331, 3, 150, 'bell ringer', 'AME061', 'AME061.png', 1, 2, 0, 5, 4, '', 3),
(332, 3, 186, 'Boomerang toss', 'AME062', 'AME062.png', 1, 1, 0, 5, 1, '', 3),
(333, 3, NULL, 'canyon crawler clash', 'AME063', 'AME063.png', 1, 1, 1, 6, 6, '', 3),
(334, 3, 187, 'coal rake', 'AME064', 'AME064.png', 1, 0, 1, 5, 1, '', 3),
(335, 3, NULL, 'downdraft', 'AME065', 'AME065.png', 1, 0, 0, 4, 3, '', 3),
(336, 3, NULL, 'earthbound', 'AME066', 'AME066.png', 1, 0, 1, 6, 5, '', 3),
(337, 3, 188, 'earthbridge', 'AME067', 'AME067.png', 2, 1, 0, 5, 4, '', 3),
(338, 3, 18, 'Evade', 'AME068', 'AME068.png', 1, 0, 0, 3, 1, '', 3),
(339, 3, 189, 'falling leaf ambush', 'AME069', 'AME069.png', 1, 2, 0, 6, 4, '', 3),
(340, 3, NULL, 'knuckle sandwich', 'AME070', 'AME070.png', 2, 1, 0, 6, 4, '', 3),
(341, 3, 190, 'kyoshi backhand', 'AME071', 'AME071.png', 0, 0, 1, 4, 4, '', 3),
(342, 3, 191, 'kyoshi fan parry', 'AME072', 'AME072.png', 2, 0, 1, 7, 2, '', 3),
(343, 3, 169, 'kyoshi fan throw', 'AME073', 'AME073.png', 3, 0, 0, 5, 4, '', 3),
(344, 3, 191, 'kyoshi pride', 'AME074', 'AME074.png', 0, 2, 0, 5, 5, '', 3),
(345, 3, 30, 'pummel', 'AME075', 'AME075.png', 2, 0, 0, 4, 4, '', 3),
(346, 3, 191, 'seize the moment', 'AME076', 'AME076.png', 1, 0, 0, 2, 6, '', 3),
(347, 3, NULL, 'skewer', 'AME077', 'AME077.png', 0, 1, 0, 3, 6, '', 3),
(348, 3, NULL, 'snapped off', 'AME078', 'AME078.png', 1, 1, 1, 8, 4, '', 3),
(349, 3, NULL, 'tremor trail', 'AME079', 'AME079.png', 1, 2, 0, 5, 6, '', 3),
(350, 3, NULL, 'will of the warrior', 'AME080', 'AME080.png', 3, 0, 1, 4, 7, '', 3),
(351, 3, 159, 'churning stomachs', 'AME081', 'AME081.png', 2, 0, 0, 0, 0, '', 4),
(352, 3, 192, 'crystal rampart', 'AME082', 'AME082.png', 0, 0, 1, 0, 0, '', 4),
(353, 3, 193, 'dive for cover', 'AME083', 'AME083.png', 1, 0, 0, 0, 0, '', 4),
(354, 3, 194, 'flopsie flop', 'AME084', 'AME084.png', 1, 1, 0, 0, 0, '', 4),
(355, 3, 156, 'immobilize', 'AME085', 'AME085.png', 1, 0, 0, 0, 0, '', 4),
(356, 3, 171, 'misdirection', 'AME086', 'AME086.png', 2, 0, 0, 0, 0, '', 4),
(357, 3, 195, 'riding the crest', 'AME087', 'AME087.png', 1, 0, 0, 0, 0, '', 4),
(358, 3, 196, 'stand firm', 'AME088', 'AME088.png', 2, 0, 0, 0, 0, '', 4),
(359, 3, 197, 'take the high ground', 'AME089', 'AME089.png', 1, 0, 0, 0, 0, '', 4),
(360, 3, 198, 'ward off', 'AME090', 'AME090.png', 1, 0, 0, 0, 0, '', 4),
(361, 3, 199, 'charisma', 'AME091', 'AME091.png', 3, 0, 0, 0, 0, '', 4),
(362, 3, 200, 'contemplate', 'AME092', 'AME092.png', 1, 0, 0, 0, 0, '', 4),
(363, 3, 201, 'Incinerate', 'AME093', 'AME093.png', 1, 0, 0, 0, 0, '', 4),
(364, 3, 202, 'meditate', 'AME094', 'AME094.png', 2, 0, 0, 0, 0, '', 4),
(365, 3, 203, 'pai sho mastery', 'AME095', 'AME095.png', 1, 0, 0, 0, 0, '', 4),
(366, 3, 204, 'Run the blockade', 'AME096', 'AME096.png', 1, 0, 0, 0, 0, '', 4),
(367, 3, 205, 'sculpted flame', 'AME097', 'AME097.png', 1, 0, 0, 0, 0, '', 4),
(368, 3, 206, 'training scroll', 'AME098', 'AME098.png', 1, 0, 0, 0, 0, '', 4),
(369, 3, 207, 'water kata', 'AME099', 'AME099.png', 0, 1, 0, 0, 0, '', 4),
(370, 3, 208, 'yip yip', 'AME100', 'AME100.png', 1, 1, 0, 0, 0, '', 4),
(371, 3, 209, 'bad breath', 'AME101', 'AME101.png', 0, 1, 0, 0, 0, '', 4),
(372, 3, 210, 'channel the winds', 'AME102', 'AME102.png', 3, 0, 0, 0, 0, '', 4),
(373, 3, 211, 'dust storm', 'AME103', 'AME103.png', 2, 0, 0, 0, 0, '', 4),
(374, 3, 212, 'expendable troops', 'AME104', 'AME104.png', 1, 0, 0, 0, 0, '', 4),
(375, 3, 213, 'fiery temper', 'AME105', 'AME105.png', 1, 1, 0, 0, 0, '', 4),
(376, 3, 214, 'flying staff technique', 'AME106', 'AME106.png', 2, 0, 0, 0, 0, '', 4),
(377, 3, 215, 'glorious feast', 'AME107', 'AME107.png', 3, 0, 0, 0, 0, '', 4),
(378, 3, 216, 'head over heels', 'AME108', 'AME108.png', 1, 1, 0, 0, 0, '', 4),
(379, 3, 217, 'highway robbery', 'AME109', 'AME109.png', 1, 0, 0, 0, 0, '', 4),
(380, 3, 218, 'volcanic fountain', 'AME110', 'AME110.png', 1, 0, 0, 0, 0, '', 4),
(381, 3, 219, 'bonzu pippinpaddle-oppsokopolis III', 'AME111', 'AME111.png', 0, 0, 1, 0, 0, '', 4),
(382, 3, 220, 'caution to the wind', 'AME112', 'AME112.png', 1, 0, 0, 0, 0, '', 4),
(383, 3, 7, 'closed-hand form', 'AME113', 'AME113.png', 0, 1, 0, 0, 0, '', 4),
(384, 3, 221, 'lifesaver', 'AME114', 'AME114.png', 1, 0, 0, 0, 0, '', 4),
(385, 3, 4, 'open-hand form', 'AME115', 'AME115.png', 0, 1, 0, 0, 0, '', 4),
(386, 3, 222, 'roku''s guidance', 'AME116', 'AME116.png', 1, 0, 0, 0, 0, '', 4),
(387, 3, 215, 'sustenance', 'AME117', 'AME117.png', 2, 1, 0, 0, 0, '', 4),
(388, 3, 223, 'take them away', 'AME118', 'AME118.png', 0, 0, 1, 0, 0, '', 4),
(389, 3, 224, 'aang', 'AME119', 'AME119.png', 0, 0, 1, 0, 0, '', 2),
(390, 3, 225, 'appa', 'AME120', 'AME120.png', 1, 1, 0, 0, 0, '', 2),
(391, 3, 226, 'katara', 'AME121', 'AME121.png', 1, 0, 0, 0, 0, '', 2),
(392, 3, 227, 'king bumi', 'AME122', 'AME122.png', 2, 0, 0, 0, 0, '', 2),
(393, 3, 228, 'momo', 'AME123', 'AME123.png', 1, 0, 0, 0, 0, '', 2),
(394, 3, 229, 'monk gyatso', 'AME124', 'AME124.png', 1, 0, 0, 0, 0, '', 2),
(395, 3, 230, 'jet', 'AME125', 'AME125.png', 1, 0, 0, 0, 0, '', 2),
(396, 3, 231, 'Jojo', 'AME126', 'AME126.png', 0, 2, 0, 0, 0, '', 2),
(397, 3, 232, 'malu', 'AME127', 'AME127.png', 1, 0, 0, 0, 0, '', 2),
(398, 3, 233, 'pirate captain', 'AME128', 'AME128.png', 1, 0, 0, 0, 0, '', 2),
(399, 3, 234, 'prince zuko', 'AME129', 'AME129.png', 1, 0, 0, 0, 0, '', 2),
(400, 3, 235, 'uncle iroh', 'AME130', 'AME130.png', 0, 0, 1, 0, 0, '', 2),
(401, 3, 236, 'afiko', 'AME131', 'AME131.png', 1, 1, 0, 0, 0, '', 2),
(402, 3, 237, 'commander zhao', 'AME132', 'AME132.png', 1, 1, 0, 0, 0, '', 2),
(403, 3, 238, 'fire nation elite', 'AME133', 'AME133.png', 0, 1, 0, 0, 0, '', 2),
(404, 3, 239, 'kinto', 'AME134', 'AME134.png', 0, 1, 0, 0, 0, '', 2),
(405, 3, 240, 'prison warden', 'AME135', 'AME135.png', 1, 0, 0, 0, 0, '', 2),
(406, 3, 241, 'Zhao''s guard', 'AME136', 'AME136.png', 1, 0, 0, 0, 0, '', 2),
(407, 3, 242, 'cabbage merchant', 'AME137', 'AME137.png', 1, 0, 0, 0, 0, '', 2),
(408, 3, 243, 'canyon guide', 'AME138', 'AME138.png', 0, 0, 0, 0, 0, '', 2),
(409, 3, 244, 'gan jin tribe', 'AME139', 'AME139.png', 2, 0, 0, 0, 0, '', 2),
(410, 3, 245, 'herbalist', 'AME140', 'AME140.png', 0, 1, 0, 0, 0, '', 2),
(411, 3, 246, 'zhang tribe', 'AME141', 'AME141.png', 2, 0, 0, 0, 0, '', 2),
(412, 3, 247, 'air scooter', 'AME142', 'AME142.png', 2, 1, 0, 5, 5, '', 3),
(413, 3, 248, 'chi absorption', 'AME143', 'AME143.png', 0, 1, 1, 8, 1, '', 3),
(414, 3, 249, 'dust funnels', 'AME144', 'AME144.png', 3, 1, 0, 6, 5, '', 3),
(415, 3, 250, 'graceful leap', 'AME145', 'AME145.png', 0, 1, 0, 4, 2, '', 3),
(416, 3, 251, 'open-palm pushback', 'AME146', 'AME146.png', 0, 1, 1, 5, 6, '', 3),
(417, 3, 252, 'zoom!', 'AME147', 'AME147.png', 1, 0, 1, 4, 6, '', 3),
(418, 3, 253, 'boulder smash', 'AME148', 'AME148.png', 2, 1, 0, 5, 5, '', 3),
(419, 3, 254, 'choking sand', 'AME149', 'AME149.png', 1, 2, 0, 4, 6, '', 3),
(420, 3, 255, 'granite block', 'AME150', 'AME150.png', 1, 1, 1, 7, 5, '', 3),
(421, 3, 256, 'ground breaker', 'AME151', 'AME151.png', 1, 1, 1, 6, 2, '', 3),
(422, 3, 257, 'quarry crush', 'AME152', 'AME152.png', 0, 1, 0, 3, 5, '', 3),
(423, 3, 258, 'seismic spring', 'AME153', 'AME153.png', 0, 0, 1, 4, 4, '', 3),
(424, 3, 259, 'corona punch', 'AME154', 'AME154.png', 0, 2, 1, 5, 6, '', 3),
(425, 3, 260, 'ember shot', 'AME155', 'AME155.png', 1, 0, 1, 4, 6, '', 3),
(426, 3, 261, 'fire sweep', 'AME156', 'AME156.png', 1, 0, 0, 3, 3, '', 3),
(427, 3, 262, 'kindle', 'AME157', 'AME157.png', 3, 0, 0, 6, 4, '', 3),
(428, 3, 263, 'twin fire daggers', 'AME158', 'AME158.png', 0, 2, 0, 7, 2, '', 3),
(429, 3, 264, 'warship barrage', 'AME159', 'AME159.png', 3, 0, 0, 4, 4, '', 3),
(430, 3, 66, 'bubble burst', 'AME160', 'AME160.png', 0, 0, 1, 4, 4, '', 3),
(431, 3, 66, 'clutches or the deep', 'AME161', 'AME161.png', 2, 0, 1, 9, 0, '', 3),
(432, 3, 265, 'flash flood', 'AME162', 'AME162.png', 2, 0, 1, 5, 4, '', 3),
(433, 3, 266, 'ice blooms', 'AME163', 'AME163.png', 2, 1, 0, 6, 4, '', 3),
(434, 3, 267, 'single water whip', 'AME164', 'AME164.png', 2, 1, 0, 5, 5, '', 3),
(435, 3, 135, 'tidal wave', 'AME165', 'AME165.png', 1, 2, 1, 6, 7, '', 3),
(436, 3, 268, 'the avatar awakens', 'AME166', 'AME166.png', 0, 0, 3, 8, 8, 'aang', 3),
(437, 3, 269, 'sokka', 'AME167', 'AME167.png', 1, 0, 0, 0, 0, 'katara', 2),
(438, 3, 270, 'flopsie', 'AME168', 'AME168.png', 1, 0, 1, 0, 0, 'king bumi', 2),
(439, 3, 271, 'the kissing bandit', 'AME169', 'AME169.png', 1, 1, 0, 0, 0, 'jojo', 4),
(440, 3, 272, 'strata breaker', 'AME170', 'AME170.png', 1, 0, 0, 3, 3, 'malu', 3),
(441, 3, 273, 'tail of the comet', 'AME171', 'AME171.png', 1, 1, 1, 5, 5, 'prince zuko', 3),
(442, 3, 274, 'shocking revelation', 'AME172', 'AME172.png', 1, 1, 0, 5, 4, 'uncle iroh', 3),
(443, 3, 275, 'hollow soul hurricane', 'AME173', 'AME173.png', 3, 0, 0, 4, 4, 'afiko', 3),
(444, 3, 276, 'maw of the inferno', 'AME174', 'AME174.png', 1, 1, 1, 6, 5, 'commander zhao', 3),
(445, 3, 277, 'aquatic tendrils', 'AME175', 'AME175.png', 0, 0, 1, 0, 0, 'kinto', 4),
(446, 3, 328, 'Penguin Sledding', 'AME176', 'AME176.png', 1, 0, 0, 5, 7, 'aang', 1),
(447, 3, 329, 'Taming the Unagi', 'AME176v', 'AME176v.png', 0, 0, 0, 9, 9, 'aang', 1),
(448, 3, 328, 'Penguin Sledding', 'AME177', 'AME177.png', 1, 0, 0, 5, 7, 'aang', 1),
(449, 3, 329, 'Taming the Unagi', 'AME177v', 'AME177v.png', 0, 0, 0, 9, 9, 'aang', 1),
(450, 3, 328, 'Penguin Sledding', 'AME178', 'AME178.png', 1, 0, 0, 5, 7, 'aang', 1),
(451, 3, 331, 'Vertigo Dash', 'AME178v', 'AME178v.png', 0, 0, 0, 6, 6, 'aang', 1),
(452, 3, 330, 'Updraft', 'AME179', 'AME179.png', 0, 0, 0, 6, 4, 'aang', 1),
(453, 3, 329, 'Taming the Unagi', 'AME179v', 'AME179v.png', 0, 0, 0, 9, 9, 'aang', 1),
(454, 3, 330, 'Updraft', 'AME180', 'AME180.png', 0, 0, 0, 6, 4, 'aang', 1),
(455, 3, 331, 'Vertigo Dash', 'AME180v', 'AME180v.png', 0, 0, 0, 6, 6, 'aang', 1),
(456, 3, 330, 'Updraft', 'AME181', 'AME181.png', 0, 0, 0, 6, 4, 'aang', 1),
(457, 3, 332, 'Avatar State', 'AME181v', 'AME181v.png', 0, 0, 5, 12, 12, 'aang', 1),
(458, 3, 333, 'Artic Sheath', 'AME182', 'AME182.png', 1, 0, 0, 6, 4, 'katara', 1),
(459, 3, 333, 'Whirlpool', 'AME182v', 'AME182v.png', 0, 0, 0, 7, 7, 'katara', 1),
(460, 3, 333, 'Artic Sheath', 'AME183', 'AME183.png', 1, 0, 0, 6, 4, 'katara', 1),
(461, 3, 333, 'Whirlpool', 'AME183v', 'AME183v.png', 0, 0, 0, 7, 7, 'katara', 1),
(462, 3, 333, 'Artic Sheath', 'AME184', 'AME184.png', 1, 0, 0, 6, 4, 'katara', 1),
(463, 3, 334, 'Geyser Torpedo', 'AME184v', 'AME184v.png', 1, 0, 0, 6, 6, 'katara', 1),
(464, 3, 335, 'Parting Shot', 'AME185', 'AME185.png', 0, 0, 0, 5, 2, 'katara', 1),
(465, 3, 333, 'Whirlpool', 'AME185v', 'AME185v.png', 0, 0, 0, 7, 7, 'katara', 1),
(466, 3, 335, 'Parting Shot', 'AME186', 'AME186.png', 0, 0, 0, 5, 2, 'katara', 1),
(467, 3, 334, 'Geyser Torpedo', 'AME186v', 'AME186v.png', 1, 0, 0, 6, 6, 'katara', 1),
(468, 3, 335, 'Parting Shot', 'AME187', 'AME187.png', 0, 0, 0, 5, 2, 'katara', 1),
(469, 3, 336, 'Double Water Whip', 'AME187v', 'AME187v.png', 0, 0, 0, 6, 7, 'katara', 1),
(470, 3, 337, 'Omashu Dodgeball', 'AME188', 'AME188.png', 1, 0, 0, 6, 5, 'king bumi', 1),
(471, 3, 338, 'Stone Heel of the King', 'AME188v', 'AME188v.png', 0, 0, 0, 7, 7, 'king bumi', 1),
(472, 3, 337, 'Omashu Dodgeball', 'AME189', 'AME189.png', 1, 0, 0, 6, 5, 'king bumi', 1),
(473, 3, 338, 'Stone Heel of the King', 'AME189v', 'AME189v.png', 0, 0, 0, 7, 7, 'king bumi', 1),
(474, 3, 337, 'Omashu Dodgeball', 'AME190', 'AME190.png', 1, 0, 0, 6, 5, 'king bumi', 1),
(475, 3, 339, 'Scouring-Earth Kick', 'AME190v', 'AME190v.png', 1, 0, 0, 6, 8, 'king bumi', 1),
(476, 3, 340, 'Shadow of the Boulder', 'AME191', 'AME191.png', 2, 0, 0, 5, 8, 'king bumi', 1),
(477, 3, 338, 'Stone Heel of the King', 'AME191v', 'AME191v.png', 0, 0, 0, 7, 7, 'king bumi', 1),
(478, 3, 340, 'Shadow of the Boulder', 'AME192', 'AME192.png', 2, 0, 0, 5, 8, 'king bumi', 1),
(479, 3, 339, 'Scouring-Earth Kick', 'AME192v', 'AME192v.png', 1, 0, 0, 6, 8, 'king bumi', 1),
(480, 3, 340, 'Shadow of the Boulder', 'AME193', 'AME193.png', 2, 0, 0, 5, 8, 'king bumi', 1),
(481, 3, 341, 'Shock Wave', 'AME193v', 'AME193v.png', 0, 1, 0, 6, 6, 'king bumi', 1),
(482, 3, 160, 'Bucking Earth', 'AME194', 'AME194.png', 0, 0, 0, 6, 2, 'jojo', 1),
(483, 3, 342, 'Rockslide', 'AME194v', 'AME194v.png', 0, 0, 0, 6, 6, 'jojo', 1),
(484, 3, 160, 'Bucking Earth', 'AME195', 'AME195.png', 0, 0, 0, 6, 2, 'jojo', 1),
(485, 3, 342, 'Rockslide', 'AME195v', 'AME195v.png', 0, 0, 0, 6, 6, 'jojo', 1),
(486, 3, 160, 'Bucking Earth', 'AME196', 'AME196.png', 0, 0, 0, 6, 2, 'jojo', 1),
(487, 3, 343, 'Massive Meteor', 'AME196v', 'AME196v.png', 0, 1, 0, 5, 7, 'jojo', 1),
(488, 3, 344, 'Boulder Burst', 'AME197', 'AME197.png', 0, 0, 0, 5, 4, 'jojo', 1),
(489, 3, 342, 'Rockslide', 'AME197v', 'AME197v.png', 0, 0, 0, 6, 6, 'jojo', 1),
(490, 3, 344, 'Boulder Burst', 'AME198', 'AME198.png', 0, 0, 0, 5, 4, 'jojo', 1),
(491, 3, 343, 'Massive Meteor', 'AME198v', 'AME198v.png', 0, 1, 0, 5, 7, 'jojo', 1),
(492, 3, 344, 'Boulder Burst', 'AME199', 'AME199.png', 0, 0, 0, 5, 4, 'jojo', 1),
(493, 3, 345, 'Beguiling Kiss', 'AME199v', 'AME199v.png', 0, 0, 0, 7, 7, 'jojo', 1),
(494, 3, 171, 'Blustery Blast', 'AME200', 'AME200.png', 1, 0, 0, 5, 5, 'malu', 1),
(495, 3, 346, 'Shrieking Wind', 'AME200v', 'AME200v.png', 0, 0, 0, 6, 5, 'malu', 1),
(496, 3, 171, 'Blustery Blast', 'AME201', 'AME201.png', 1, 0, 0, 5, 5, 'malu', 1),
(497, 3, 346, 'Shrieking Wind', 'AME201v', 'AME201v.png', 0, 0, 0, 6, 5, 'malu', 1),
(498, 3, 171, 'Blustery Blast', 'AME202', 'AME202.png', 1, 0, 0, 5, 5, 'malu', 1),
(499, 3, 347, 'Slingshot Stream', 'AME202v', 'AME202v.png', 0, 1, 0, 9, 0, 'malu', 1),
(500, 3, NULL, 'Treetop Hop', 'AME203', 'AME203.png', 0, 0, 0, 8, 3, 'malu', 1),
(501, 3, 346, 'Shrieking Wind', 'AME203v', 'AME203v.png', 0, 0, 0, 6, 5, 'malu', 1),
(502, 3, NULL, 'Treetop Hop', 'AME204', 'AME204.png', 0, 0, 0, 8, 3, 'malu', 1),
(503, 3, 347, 'Slingshot Stream', 'AME204v', 'AME204v.png', 0, 1, 0, 9, 0, 'malu', 1),
(504, 3, NULL, 'Treetop Hop', 'AME205', 'AME205.png', 0, 0, 0, 8, 3, 'malu', 1),
(505, 3, 291, 'Ankle-Breaking Gust', 'AME205v', 'AME205v.png', 0, 0, 0, 4, 4, 'malu', 1),
(506, 3, 348, 'Meltdown', 'AME206', 'AME206.png', 1, 0, 0, 6, 1, 'prince zuko', 1),
(507, 3, NULL, 'Night of Flames', 'AME206v', 'AME206v.png', 0, 0, 0, 9, 7, 'prince zuko', 1),
(508, 3, 348, 'Meltdown', 'AME207', 'AME207.png', 1, 0, 0, 6, 1, 'prince zuko', 1),
(509, 3, NULL, 'Night of Flames', 'AME207v', 'AME207v.png', 0, 0, 0, 9, 7, 'prince zuko', 1),
(510, 3, 348, 'Meltdown', 'AME208', 'AME208.png', 1, 0, 0, 6, 1, 'prince zuko', 1),
(511, 3, 349, 'Immolating Spiral', 'AME208v', 'AME208v.png', 0, 0, 0, 7, 4, 'prince zuko', 1),
(512, 3, 350, 'Burnning in Exile', 'AME209', 'AME209.png', 2, 0, 0, 6, 5, 'prince zuko', 1),
(513, 3, NULL, 'Night of Flames', 'AME209v', 'AME209v.png', 0, 0, 0, 9, 7, 'prince zuko', 1),
(514, 3, 350, 'Burnning in Exile', 'AME210', 'AME210.png', 2, 0, 0, 6, 5, 'prince zuko', 1),
(515, 3, 349, 'Immolating Spiral', 'AME210v', 'AME210v.png', 0, 0, 0, 7, 4, 'prince zuko', 1),
(516, 3, 350, 'Burnning in Exile', 'AME211', 'AME211.png', 2, 0, 0, 6, 5, 'prince zuko', 1),
(517, 3, 351, 'Burning Spire', 'AME211v', 'AME211v.png', 1, 0, 0, 6, 7, 'prince zuko', 1),
(518, 3, 156, 'Firecrackers', 'AME212', 'AME212.png', 0, 0, 0, 5, 5, 'uncle iroh', 1),
(519, 3, 352, 'Smokescreen', 'AME212v', 'AME212v.png', 1, 0, 0, 8, 7, 'uncle iroh', 1),
(520, 3, 156, 'Firecrackers', 'AME213', 'AME213.png', 0, 0, 0, 5, 5, 'uncle iroh', 1),
(521, 3, 352, 'Smokescreen', 'AME213v', 'AME213v.png', 1, 0, 0, 8, 7, 'uncle iroh', 1),
(522, 3, 156, 'Firecrackers', 'AME214', 'AME214.png', 0, 0, 0, 5, 5, 'uncle iroh', 1),
(523, 3, 353, 'Suppressing Fire', 'AME214v', 'AME214v.png', 0, 0, 0, 5, 7, 'uncle iroh', 1),
(524, 3, 354, 'Unchained', 'AME215', 'AME215.png', 2, 0, 0, 6, 6, 'uncle iroh', 1),
(525, 3, 352, 'Smokescreen', 'AME215v', 'AME215v.png', 1, 0, 0, 8, 7, 'uncle iroh', 1),
(526, 3, 354, 'Unchained', 'AME216', 'AME216.png', 2, 0, 0, 6, 6, 'uncle iroh', 1),
(527, 3, 353, 'Suppressing Fire', 'AME216v', 'AME216v.png', 0, 0, 0, 5, 7, 'uncle iroh', 1),
(528, 3, 354, 'Unchained', 'AME217', 'AME217.png', 2, 0, 0, 6, 6, 'uncle iroh', 1),
(529, 3, 355, 'Rain of Fire', 'AME217v', 'AME217v.png', 0, 1, 0, 6, 5, 'uncle iroh', 1),
(530, 3, NULL, 'Reaping Wind', 'AME218', 'AME218.png', 0, 0, 0, 7, 4, 'afiko', 1),
(531, 3, 356, 'Suffocating Void', 'AME218v', 'AME218v.png', 0, 0, 0, 7, 7, 'afiko', 1),
(532, 3, NULL, 'Reaping Wind', 'AME219', 'AME219.png', 0, 0, 0, 7, 4, 'afiko', 1),
(533, 3, 356, 'Suffocating Void', 'AME219v', 'AME219v.png', 0, 0, 0, 7, 7, 'afiko', 1),
(534, 3, NULL, 'Reaping Wind', 'AME220', 'AME220.png', 0, 0, 0, 7, 4, 'afiko', 1),
(535, 3, 357, 'Storms Without End', 'AME220v', 'AME220v.png', 0, 1, 0, 6, 7, 'afiko', 1),
(536, 3, 358, 'Tornado Punch', 'AME221', 'AME221.png', 1, 0, 0, 5, 6, 'afiko', 1),
(537, 3, 356, 'Suffocating Void', 'AME221v', 'AME221v.png', 0, 0, 0, 7, 7, 'afiko', 1),
(538, 3, 358, 'Tornado Punch', 'AME222', 'AME222.png', 1, 0, 0, 5, 6, 'afiko', 1),
(539, 3, 357, 'Storms Without End', 'AME222v', 'AME222v.png', 0, 1, 0, 6, 7, 'afiko', 1),
(540, 3, 358, 'Tornado Punch', 'AME223', 'AME223.png', 1, 0, 0, 5, 6, 'afiko', 1),
(541, 3, 359, 'Dark Tempest', 'AME223v', 'AME223v.png', 1, 0, 0, 9, 6, 'afiko', 1),
(542, 3, 360, 'No Mercy for the Weak', 'AME224', 'AME224.png', 0, 0, 0, 5, 4, 'commander zhao', 1),
(543, 3, 361, 'Open Fire!', 'AME224v', 'AME224v.png', 1, 0, 0, 6, 6, 'commander Zhao', 1),
(544, 3, 360, 'No Mercy for the Weak', 'AME225', 'AME225.png', 0, 0, 0, 5, 4, 'commander zhao', 1),
(545, 3, 361, 'Open Fire!', 'AME225v', 'AME225v.png', 1, 0, 0, 6, 6, 'commander Zhao', 1),
(546, 3, 360, 'No Mercy for the Weak', 'AME226', 'AME226.png', 0, 0, 0, 5, 4, 'commander zhao', 1),
(547, 3, 362, 'Roaring Sphere', 'AME226v', 'AME226v.png', 0, 0, 0, 7, 6, 'commander Zhao', 1),
(548, 3, 324, 'Fiery Lash', 'AME227', 'AME227.png', 0, 0, 1, 6, 6, 'commander Zhao', 1),
(549, 3, 361, 'Open Fire!', 'AME227v', 'AME227v.png', 1, 0, 0, 6, 6, 'commander Zhao', 1),
(550, 3, 324, 'Fiery Lash', 'AME228', 'AME228.png', 0, 0, 1, 6, 6, 'commander Zhao', 1),
(551, 3, 362, 'Roaring Sphere', 'AME228v', 'AME228v.png', 0, 0, 0, 7, 6, 'commander Zhao', 1),
(552, 3, 324, 'Fiery Lash', 'AME229', 'AME229.png', 0, 0, 1, 6, 6, 'commander Zhao', 1),
(553, 3, 363, 'Agni Kai', 'AME229v', 'AME229v.png', 0, 1, 0, 6, 6, 'commander Zhao', 1),
(554, 3, 159, 'Gutwrencher', 'AME230', 'AME230.png', 0, 0, 0, 6, 2, 'kinto', 1),
(555, 3, 2, 'Splash Rockets', 'AME230v', 'AME230v.png', 0, 0, 0, 6, 7, 'kinto', 1),
(556, 3, 159, 'Gutwrencher', 'AME231', 'AME231.png', 0, 0, 0, 6, 2, 'kinto', 1),
(557, 3, 2, 'Splash Rockets', 'AME231v', 'AME231v.png', 0, 0, 0, 6, 7, 'kinto', 1),
(558, 3, 159, 'Gutwrencher', 'AME232', 'AME232.png', 0, 0, 0, 6, 2, 'kinto', 1),
(559, 3, 364, 'Avalanche', 'AME232v', 'AME232v.png', 0, 0, 0, 8, 6, 'kinto', 1),
(560, 3, 66, 'Steam Blast', 'AME233', 'AME233.png', 1, 0, 0, 8, 0, 'kinto', 1),
(561, 3, 2, 'Splash Rockets', 'AME233v', 'AME233v.png', 0, 0, 0, 6, 7, 'kinto', 1),
(562, 3, 66, 'Steam Blast', 'AME234', 'AME234.png', 1, 0, 0, 8, 0, 'kinto', 1),
(563, 3, 364, 'Avalanche', 'AME234v', 'AME234v.png', 0, 0, 0, 8, 6, 'kinto', 1),
(564, 3, 66, 'Steam Blast', 'AME235', 'AME235.png', 1, 0, 0, 8, 0, 'kinto', 1),
(565, 3, 66, 'High Seas', 'AME235v', 'AME235v.png', 0, 2, 0, 12, 0, 'kinto', 1),
(566, 3, 278, 'appa''s wild ride', 'APR001', 'APR001.png', 0, 1, 0, 0, 0, '', 4),
(567, 3, 279, 'sokka''s mettle', 'APR002', 'APR002.png', 0, 1, 1, 5, 5, '', 3),
(568, 3, 323, 'Airball Practice', 'FPR001', 'FPR001.png', 1, 0, 0, 5, 5, 'air cannon aang', 1),
(569, 3, NULL, 'Air Cannon Riposte', 'FPR001v', 'FPR001v.png', 0, 1, 0, 6, 8, 'air cannon aang', 1),
(570, 3, 324, 'Target Practice', 'FPR002', 'FPR002.png', 0, 0, 0, 6, 5, 'fire blast zuko', 1),
(571, 3, 325, 'Fire Blast Snap-Kick', 'FPR002v', 'FPR002v.png', 0, 0, 0, 7, 7, 'fire blast zuko', 1),
(572, 3, 326, 'Geyser Kick', 'FPR003', 'FPR003.png', 0, 0, 0, 6, 4, 'ice attack aang', 1),
(573, 3, 327, 'Icehammer', 'FPR003v', 'FPR003v.png', 1, 0, 0, 8, 7, 'ice attack aang', 1),
(574, 4, 365, 'a woman''s touch', 'PDC001', 'PDC001.png', 0, 2, 0, 6, 5, '', 3),
(575, 4, 141, 'branch out', 'PDC002', 'PDC002.png', 2, 0, 0, 5, 1, '', 3),
(576, 4, 139, 'brazen defiance', 'PDC003', 'PDC003.png', 2, 1, 0, 5, 3, '', 3),
(577, 4, 366, 'brutes from the deep', 'PDC004', 'PDC004.png', 1, 0, 1, 6, 3, '', 3),
(578, 4, 367, 'command the waves', 'PDC005', 'PDC005.png', 2, 1, 1, 7, 6, '', 3),
(579, 4, 368, 'drop anchor', 'PDC006', 'PDC006.png', 1, 2, 1, 8, 6, '', 3),
(580, 4, 369, 'hunted down', 'PDC007', 'PDC007.png', 2, 0, 1, 8, 3, '', 3),
(581, 4, 370, 'knockout', 'PDC008', 'PDC008.png', 2, 1, 0, 5, 4, '', 3),
(582, 4, 371, 'lesson of the lash', 'PDC009', 'PDC009.png', 2, 0, 0, 4, 4, '', 3),
(583, 4, 348, 'looks can kill', 'PDC010', 'PDC010.png', 3, 0, 1, 7, 1, '', 3),
(584, 4, 372, 'no pain in the afterlife', 'PDC011', 'PDC011.png', 2, 1, 0, 5, 5, '', 3),
(585, 4, 373, 'overwhelm', 'PDC012', 'PDC012.png', 0, 1, 0, 3, 5, '', 3),
(586, 4, 374, 'ramming speed', 'PDC013', 'PDC013.png', 2, 2, 0, 5, 6, '', 3),
(587, 4, 375, 'set ablaze', 'PDC014', 'PDC014.png', 1, 2, 0, 7, 4, '', 3),
(588, 4, 376, 'st. elmo''s fire', 'PDC015', 'PDC015.png', 1, 1, 0, 4, 5, '', 3),
(589, 4, 150, 'strangling grip', 'PDC016', 'PDC016.png', 3, 0, 0, 4, 4, '', 3),
(590, 4, 377, 'taking out the trash', 'PDC018', 'PDC018.png', 1, 1, 1, 6, 6, '', 3),
(591, 4, 378, 'you will serve', 'PDC020', 'PDC020.png', 0, 1, 1, 6, 5, '', 3),
(592, 4, 379, 'aye eye', 'PDC021', 'PDC021.png', 1, 0, 1, 7, 4, '', 3),
(593, 4, 380, 'beat to the quick', 'PDC022', 'PDC022.png', 1, 1, 1, 5, 6, '', 3),
(594, 4, 381, 'blade and bullet', 'PDC023', 'PDC023.png', 2, 1, 1, 7, 6, '', 3),
(595, 4, 382, 'cannibal spear', 'PDC024', 'PDC024.png', 2, 1, 0, 5, 5, '', 3),
(596, 4, 383, 'disarm', 'PDC025', 'PDC025.png', 0, 1, 0, 4, 1, '', 3),
(597, 4, 384, 'for britain!', 'PDC026', 'PDC026.png', 1, 0, 1, 4, 6, '', 3),
(598, 4, 385, 'forceful persuasion', 'PDC027', 'PDC027.png', 1, 1, 1, 6, 6, '', 3),
(599, 4, 54, 'hammerfall', 'PDC028', 'PDC028.png', 2, 0, 0, 4, 3, '', 3),
(600, 4, 157, 'hot potato', 'PDC029', 'PDC029.png', 2, 1, 0, 6, 3, '', 3),
(601, 4, 386, 'incoming!', 'PDC031', 'PDC031.png', 2, 0, 0, 5, 2, '', 3),
(602, 4, 387, 'jailbreak', 'PDC032', 'PDC032.png', 0, 2, 1, 6, 7, '', 3),
(603, 4, 388, 'look before you leap', 'PDC033', 'PDC033.png', 0, 2, 0, 5, 5, '', 3),
(604, 4, 389, 'looking for trouble', 'PDC034', 'PDC034.png', 1, 0, 1, 5, 5, '', 3),
(605, 4, 390, 'martial law', 'PDC035', 'PDC035.png', 2, 0, 1, 8, 3, '', 3),
(606, 4, 391, 'permission to come aboard', 'PDC036', 'PDC036.png', 2, 0, 1, 5, 7, '', 3),
(607, 4, 392, 'short fuse', 'PDC037', 'PDC037.png', 1, 1, 1, 8, 4, '', 3),
(608, 4, 393, 'simple stickup', 'PDC038', 'PDC038.png', 1, 2, 0, 7, 4, '', 3),
(609, 4, 394, 'taking the pearl', 'PDC039', 'PDC039.png', 1, 1, 0, 4, 5, '', 3),
(610, 4, 395, 'you cheated!', 'PDC040', 'PDC040.png', 0, 2, 0, 6, 5, '', 3),
(611, 4, 66, 'berserk parrot', 'PDC041', 'PDC041.png', 1, 1, 0, 5, 2, '', 3),
(612, 4, 396, 'cornered', 'PDC042', 'PDC042.png', 3, 1, 0, 5, 6, '', 3),
(613, 4, 397, 'devil''s own', 'PDC043', 'PDC043.png', 1, 0, 1, 7, 4, '', 3),
(614, 4, 398, 'direct hit', 'PDC044', 'PDC044.png', 1, 1, 1, 5, 5, '', 3),
(615, 4, 399, 'fire at will', 'PDC045', 'PDC045.png', 2, 0, 0, 4, 2, '', 3),
(616, 4, 400, 'grim determination', 'PDC046', 'PDC046.png', 1, 1, 0, 4, 4, '', 3),
(617, 4, 401, 'hand to hand', 'PDC047', 'PDC047.png', 2, 0, 0, 4, 3, '', 3),
(618, 4, 402, 'left hanging', 'PDC048', 'PDC048.png', 3, 0, 1, 6, 6, '', 3),
(619, 4, 179, 'lower the boom', 'PDC049', 'PDC049.png', 2, 1, 1, 7, 6, '', 3),
(620, 4, 179, 'over a barrel', 'PDC050', 'PDC050.png', 0, 2, 0, 6, 5, '', 3),
(621, 4, 179, 'path of destruction', 'PDC051', 'PDC051.png', 0, 0, 2, 6, 7, '', 3),
(622, 4, 403, 'pirate justice', 'PDC052', 'PDC052.png', 0, 2, 0, 7, 2, '', 3),
(623, 4, 401, 'return the favor', 'PDC053', 'PDC053.png', 1, 2, 1, 8, 5, '', 3),
(624, 4, 178, 'rifle crash', 'PDC054', 'PDC054.png', 1, 0, 1, 6, 4, '', 3),
(625, 4, 404, 'share the wealth', 'PDC055', 'PDC055.png', 2, 1, 0, 6, 3, '', 3),
(626, 4, 405, 'sharp retort', 'PDC056', 'PDC056.png', 2, 1, 0, 4, 5, '', 3);
INSERT INTO `quickstrike_carte` (`id`, `extension_id`, `effet_id`, `nom`, `numero`, `image`, `coutVert`, `coutJaune`, `coutRouge`, `intercept`, `attaque`, `personnageChamber`, `typeCarte_id`) VALUES
(627, 4, 406, 'skeletal skewer', 'PDC057', 'PDC057.png', 0, 1, 0, 3, 3, '', 3),
(628, 4, 407, 'stick a fork in ''im', 'PDC058', 'PDC058.png', 2, 0, 1, 8, 1, '', 3),
(629, 4, 408, 'suffer no fools', 'PDC059', 'PDC059.png', 2, 1, 0, 6, 4, '', 3),
(630, 4, 409, 'up the side', 'PDC060', 'PDC060.png', 1, 0, 1, 5, 5, '', 3),
(631, 4, 410, 'bar room brawl', 'PDC061', 'PDC061.png', 0, 1, 0, 4, 4, '', 3),
(632, 4, 191, 'crazed leap', 'PDC062', 'PDC062.png', 0, 2, 1, 8, 2, '', 3),
(633, 4, 411, 'crossed swords', 'PDC063', 'PDC063.png', 0, 2, 0, 6, 1, '', 3),
(634, 4, 412, 'cutlass slash', 'PDC064', 'PDC064.png', 0, 3, 0, 4, 6, '', 3),
(635, 4, 413, 'down the barrel', 'PDC065', 'PDC065.png', 1, 1, 0, 4, 2, '', 3),
(636, 4, 166, 'dueling with death', 'PDC066', 'PDC066.png', 1, 0, 0, 2, 2, '', 3),
(637, 4, NULL, 'easy mark', 'PDC067', 'PDC067.png', 5, 0, 0, 6, 6, '', 3),
(638, 4, 414, 'give chase', 'PDC068', 'PDC068.png', 1, 2, 0, 5, 5, '', 3),
(639, 4, NULL, 'good night, captain', 'PDC069', 'PDC069.png', 1, 0, 1, 7, 1, '', 3),
(640, 4, 118, 'higher ground', 'PDC070', 'PDC070.png', 1, 0, 0, 3, 4, '', 3),
(641, 4, 191, 'hit the deck', 'PDC071', 'PDC071.png', 0, 1, 0, 1, 7, '', 3),
(642, 4, NULL, 'incendiary shot', 'PDC072', 'PDC072.png', 0, 0, 1, 4, 5, '', 3),
(643, 4, NULL, 'know the ropes', 'PDC073', 'PDC073.png', 3, 0, 0, 5, 4, '', 3),
(644, 4, 415, 'moonlight ambush', 'PDC074', 'PDC074.png', 2, 1, 0, 5, 5, '', 3),
(645, 4, 416, 'one shot', 'PDC075', 'PDC075.png', 3, 0, 0, 3, 6, '', 3),
(646, 4, 417, 'proper leverage', 'PDC076', 'PDC076.png', 2, 1, 1, 7, 4, '', 3),
(647, 4, 418, 'quite a fall', 'PDC077', 'PDC077.png', 2, 1, 0, 5, 5, '', 3),
(648, 4, NULL, 'thrown overboard', 'PDC078', 'PDC078.png', 2, 1, 0, 6, 4, '', 3),
(649, 4, 419, 'walk the plank', 'PDC079', 'PDC079.png', 2, 0, 1, 6, 4, '', 3),
(650, 4, 150, 'wipeout', 'PDC080', 'PDC080.png', 1, 1, 1, 7, 2, '', 3),
(651, 4, 420, 'cold blooded', 'PDC081', 'PDC081.png', 1, 0, 0, 0, 0, '', 4),
(652, 4, 168, 'dangerous boneheads', 'PDC082', 'PDC082.png', 1, 0, 0, 0, 0, '', 4),
(653, 4, 421, 'hatchet job', 'PDC083', 'PDC083.png', 1, 0, 0, 0, 0, '', 4),
(654, 4, 422, 'hot blooded', 'PDC084', 'PDC084.png', 1, 0, 0, 0, 0, '', 4),
(655, 4, 423, 'parley', 'PDC085', 'PDC085.png', 1, 0, 0, 0, 0, '', 4),
(656, 4, 388, 'pressed into service', 'PDC086', 'PDC086.png', 1, 0, 0, 0, 0, '', 4),
(657, 4, 424, 'pulley pendulum', 'PDC087', 'PDC087.png', 0, 1, 0, 0, 0, '', 4),
(658, 4, 425, 'reel them in', 'PDC088', 'PDC088.png', 0, 1, 0, 0, 0, '', 4),
(659, 4, 426, 'scorched sails', 'PDC089', 'PDC089.png', 2, 0, 0, 0, 0, '', 4),
(660, 4, 427, 'utter despair', 'PDC090', 'PDC090.png', 0, 1, 0, 0, 0, '', 4),
(661, 4, 428, 'blade maiden', 'PDC091', 'PDC091.png', 0, 1, 0, 0, 0, '', 4),
(662, 4, 278, 'bloody pirates', 'PDC092', 'PDC092.png', 1, 0, 0, 0, 0, '', 4),
(663, 4, 429, 'captain''s choice', 'PDC093', 'PDC093.png', 0, 1, 0, 0, 0, '', 4),
(664, 4, 430, 'caught unawares', 'PDC094', 'PDC094.png', 1, 0, 0, 0, 0, '', 4),
(665, 4, 431, 'drafted', 'PDC095', 'PDC095.png', 1, 0, 0, 0, 0, '', 4),
(666, 4, 432, 'incognito', 'PDC096', 'PDC096.png', 1, 1, 0, 0, 0, '', 4),
(667, 4, 433, 'monkey business', 'PDC097', 'PDC097.png', 1, 0, 0, 0, 0, '', 4),
(668, 4, 434, 'ready for anything', 'PDC098', 'PDC098.png', 1, 0, 0, 0, 0, '', 4),
(669, 4, 435, 'royal conscription', 'PDC099', 'PDC099.png', 2, 0, 0, 0, 0, '', 4),
(670, 4, 436, 'sinister plans', 'PDC100', 'PDC100.png', 0, 1, 0, 0, 0, '', 4),
(671, 4, 437, 'boarding action', 'PDC101', 'PDC101.png', 2, 0, 0, 0, 0, '', 4),
(672, 4, 438, 'claimed by the depths', 'PDC102', 'PDC102.png', 0, 1, 0, 0, 0, '', 4),
(673, 4, 439, 'cursed fires', 'PDC103', 'PDC103.png', 1, 0, 0, 0, 0, '', 4),
(674, 4, 440, 'desperate times', 'PDC104', 'PDC104.png', 1, 0, 0, 0, 0, '', 4),
(675, 4, 441, 'final negotiations', 'PDC105', 'PDC105.png', 0, 1, 0, 0, 0, '', 4),
(676, 4, 442, 'finders keepers', 'PDC106', 'PDC106.png', 1, 0, 0, 0, 0, '', 4),
(677, 4, 443, 'keelhaul', 'PDC107', 'PDC107.png', 0, 0, 1, 0, 0, '', 4),
(678, 4, 444, 'last meal', 'PDC108', 'PDC108.png', 0, 1, 0, 0, 0, '', 4),
(679, 4, 445, 'one good deed', 'PDC109', 'PDC109.png', 2, 0, 0, 0, 0, '', 4),
(680, 4, 446, 'under the blade', 'PDC110', 'PDC110.png', 1, 0, 0, 0, 0, '', 4),
(681, 4, 447, 'capsize', 'PDC111', 'PDC111.png', 0, 1, 0, 0, 0, '', 4),
(682, 4, 4, 'evasive action', 'PDC112', 'PDC112.png', 0, 1, 0, 0, 0, '', 4),
(683, 4, 179, 'hiding place', 'PDC113', 'PDC113.png', 1, 0, 0, 0, 0, '', 4),
(684, 4, 7, 'improvised tactics', 'PDC114', 'PDC114.png', 0, 1, 0, 0, 0, '', 4),
(685, 4, 449, 'kindle and char', 'PDC115', 'PDC115.png', 1, 1, 0, 0, 0, '', 4),
(686, 4, 450, 'not by choice', 'PDC116', 'PDC116.png', 1, 0, 0, 0, 0, '', 4),
(687, 4, 451, 'prison escape', 'PDC117', 'PDC117.png', 1, 0, 0, 0, 0, '', 4),
(688, 4, 452, 'rumrunner''s island', 'PDC118', 'PDC118.png', 1, 0, 0, 0, 0, '', 4),
(689, 4, 453, 'x marks the spot', 'PDC119', 'PDC119.png', 1, 0, 0, 0, 0, '', 4),
(690, 4, 454, 'gillette', 'PDC120', 'PDC120.png', 1, 0, 0, 0, 0, '', 2),
(691, 4, 455, 'jackson hill', 'PDC121', 'PDC121.png', 1, 0, 0, 0, 0, '', 2),
(692, 4, 456, 'james norrington', 'PDC122', 'PDC122.png', 1, 1, 0, 0, 0, '', 2),
(693, 4, 457, 'jeremiah hampton', 'PDC123', 'PDC123.png', 0, 1, 0, 0, 0, '', 2),
(694, 4, 458, 'lord cutler beckett', 'PDC124', 'PDC124.png', 0, 0, 1, 0, 0, '', 2),
(695, 4, 459, 'rachel darling', 'PDC125', 'PDC125.png', 0, 1, 0, 0, 0, '', 2),
(696, 4, 460, 'weatherby swann', 'PDC126', 'PDC126.png', 1, 0, 0, 0, 0, '', 2),
(697, 4, 461, 'cannibal warrior', 'PDC127', 'PDC127.png', 1, 0, 0, 0, 0, '', 2),
(698, 4, 462, 'elizabeth swann', 'PDC128', 'PDC128.png', 2, 0, 0, 0, 0, '', 2),
(699, 4, 544, 'jack sparrow', 'PDC129', 'PDC129.png', 0, 1, 0, 0, 0, '', 2),
(700, 4, 463, 'joshamee gibbs', 'PDC130', 'PDC130.png', 1, 0, 0, 0, 0, '', 2),
(701, 4, 464, 'marty', 'PDC131', 'PDC131.png', 0, 0, 1, 0, 0, '', 2),
(702, 4, 465, 'tia dalma', 'PDC132', 'PDC132.png', 0, 1, 0, 0, 0, '', 2),
(703, 4, 466, 'will turner', 'PDC133', 'PDC133.png', 0, 1, 0, 0, 0, '', 2),
(704, 4, 467, 'bootstrap bill', 'PDC134', 'PDC134.png', 1, 0, 0, 0, 0, '', 2),
(705, 4, 468, 'captain barbossa', 'PDC135', 'PDC135.png', 0, 0, 1, 0, 0, '', 2),
(706, 4, 469, 'davy jones', 'PDC136', 'PDC136.png', 0, 1, 0, 0, 0, '', 2),
(707, 4, 470, 'greenbeard', 'PDC137', 'PDC137.png', 0, 0, 1, 0, 0, '', 2),
(708, 4, 471, 'jimmy legs', 'PDC138', 'PDC138.png', 0, 1, 0, 0, 0, '', 2),
(709, 4, 472, 'pintel and ragetti', 'PDC139', 'PDC139.png', 1, 0, 0, 0, 0, '', 2),
(710, 4, 473, 'sepahook', 'PDC140', 'PDC140.png', 1, 0, 0, 0, 0, '', 2),
(711, 4, 474, 'catherine blades', 'PDC141', 'PDC141.png', 0, 1, 0, 0, 0, '', 2),
(712, 4, 475, 'cotton''s parrot', 'PDC142', 'PDC142.png', 0, 1, 0, 0, 0, '', 2),
(713, 4, 476, 'j. bennie', 'PDC143', 'PDC143.png', 0, 0, 1, 0, 0, '', 2),
(714, 4, 477, 'jack the monkey', 'PDC144', 'PDC144.png', 1, 0, 0, 0, 0, '', 2),
(715, 4, 478, 'broadside', 'PDC145', 'PDC145.png', 0, 1, 0, 4, 4, '', 3),
(716, 4, 479, 'hard to starboard', 'PDC146', 'PDC146.png', 1, 1, 0, 4, 5, '', 3),
(717, 4, 480, 'overtake', 'PDC147', 'PDC147.png', 2, 0, 0, 3, 6, '', 3),
(718, 4, 478, 'run aground', 'PDC148', 'PDC148.png', 1, 1, 1, 7, 4, '', 3),
(719, 4, 481, 'ship''s graveyard', 'PDC149', 'PDC149.png', 2, 1, 0, 6, 4, '', 3),
(720, 4, 211, 'waylay', 'PDC150', 'PDC150.png', 4, 0, 0, 6, 3, '', 3),
(721, 4, 482, 'weather gauge', 'PDC151', 'PDC151.png', 2, 0, 1, 5, 6, '', 3),
(722, 4, 483, 'grapples away!', 'PDC152', 'PDC152.png', 2, 0, 0, 5, 1, '', 3),
(723, 4, 484, 'nasty dagger', 'PDC153', 'PDC153.png', 0, 2, 1, 6, 6, '', 3),
(724, 4, 485, 'not a sound', 'PDC154', 'PDC154.png', 2, 0, 1, 5, 6, '', 3),
(725, 4, 486, 'paired blades', 'PDC155', 'PDC155.png', 0, 2, 0, 7, 2, '', 3),
(726, 4, 487, 'rope ride', 'PDC156', 'PDC156.png', 2, 0, 0, 3, 6, '', 3),
(727, 4, 488, 'sneak aboard', 'PDC157', 'PDC157.png', 2, 1, 0, 5, 5, '', 3),
(728, 4, 489, 'splinters and swords', 'PDC158', 'PDC158.png', 0, 2, 0, 4, 6, '', 3),
(729, 4, 490, 'chain shot', 'PDC159', 'PDC159.png', 3, 0, 1, 7, 5, '', 3),
(730, 4, 490, 'give them a taste', 'PDC160', 'PDC160.png', 0, 2, 0, 5, 4, '', 3),
(731, 4, 491, 'hail of fire', 'PDC161', 'PDC161.png', 0, 1, 0, 3, 6, '', 3),
(732, 4, 492, 'hull breach', 'PDC162', 'PDC162.png', 0, 2, 1, 6, 7, '', 3),
(733, 4, 493, 'parting shot', 'PDC163', 'PDC163.png', 2, 1, 0, 6, 4, '', 3),
(734, 4, 494, 'ready the long nines', 'PDC164', 'PDC164.png', 1, 0, 1, 6, 3, '', 3),
(735, 4, 495, 'through the smoke', 'PDC165', 'PDC165.png', 1, 1, 0, 4, 5, '', 3),
(736, 4, 496, 'british justice', 'PDC166', 'PDC166.png', 1, 0, 0, 0, 0, 'lord beckett', 4),
(737, 4, 497, 'dangerous beauty', 'PDC167', 'PDC167.png', 0, 0, 1, 0, 0, 'elizabeth swann', 4),
(738, 4, 498, 'forged fury', 'PDC168', 'PDC168.png', 1, 0, 1, 0, 0, 'will turner', 4),
(739, 4, 499, 'majesty of the deep', 'PDC169', 'PDC169.png', 1, 1, 0, 0, 0, 'davy jones', 4),
(740, 4, 500, 'pirate''s life for me', 'PDC170', 'PDC170.png', 1, 0, 0, 0, 0, 'pintel and ragetti', 4),
(741, 4, 501, 'royal decree', 'PDC171', 'PDC171.png', 2, 0, 0, 0, 0, 'commodore norrington', 4),
(742, 4, 502, 'sword dance', 'PDC172', 'PDC172.png', 2, 0, 0, 0, 0, 'rachel darling', 4),
(743, 4, 503, 'terrify', 'PDC173', 'PDC173.png', 2, 0, 0, 0, 0, 'greenbeard', 4),
(744, 4, 504, 'treasure hunt', 'PDC174', 'PDC174.png', 1, 0, 0, 0, 0, 'captain barbossa', 4),
(745, 4, 505, 'and really bad eggs', 'PDC175', 'PDC175.png', 1, 0, 0, 0, 0, 'jack sparrow', 4),
(746, 4, 506, 'easy pickings', 'PDC176', 'PDC176.png', 0, 0, 0, 6, 4, 'captain barbossa', 1),
(747, 4, 507, 'doublecross', 'PDC176v', 'PDC176v.png', 0, 0, 0, 9, 6, 'captain barbossa', 1),
(748, 4, 506, 'easy pickings', 'PDC177', 'PDC177.png', 0, 0, 0, 6, 4, 'captain barbossa', 1),
(749, 4, 507, 'doublecross', 'PDC177v', 'PDC177v.png', 0, 0, 0, 9, 6, 'captain barbossa', 1),
(750, 4, 506, 'easy pickings', 'PDC178', 'PDC178.png', 0, 0, 0, 6, 4, 'captain barbossa', 1),
(751, 4, 508, 'skeleton crew', 'PDC178v', 'PDC178v.png', 1, 0, 0, 5, 5, 'captain barbossa', 1),
(752, 4, 509, 'frightfully outclassed', 'PDC179', 'PDC179.png', 0, 0, 0, 5, 5, 'captain barbossa', 1),
(753, 4, 507, 'doublecross', 'PDC179v', 'PDC179v.png', 0, 0, 0, 9, 6, 'captain barbossa', 1),
(754, 4, 509, 'frightfully outclassed', 'PDC180', 'PDC180.png', 0, 0, 0, 5, 5, 'captain barbossa', 1),
(755, 4, 508, 'skeleton crew', 'PDC180v', 'PDC180v.png', 1, 0, 0, 5, 5, 'captain barbossa', 1),
(756, 4, 509, 'frightfully outclassed', 'PDC181', 'PDC181.png', 0, 0, 0, 5, 5, 'captain barbossa', 1),
(757, 4, 510, 'curse of undeath', 'PDC181v', 'PDC181v.png', 0, 1, 0, 7, 7, 'captain barbossa', 1),
(758, 4, 511, 'spoils of war', 'PDC182', 'PDC182.png', 0, 0, 0, 5, 5, 'commodore norrington', 1),
(759, 4, 512, 'under duress', 'PDC182v', 'PDC182v.png', 1, 0, 0, 6, 7, 'commodore norrington', 1),
(760, 4, 511, 'spoils of war', 'PDC183', 'PDC183.png', 0, 0, 0, 5, 5, 'commodore norrington', 1),
(761, 4, 512, 'under duress', 'PDC183v', 'PDC183v.png', 1, 0, 0, 6, 7, 'commodore norrington', 1),
(762, 4, 511, 'spoils of war', 'PDC184', 'PDC184.png', 0, 0, 0, 5, 5, 'commodore norrington', 1),
(763, 4, 513, 'commodore''s command', 'PDC184v', 'PDC184v.png', 0, 0, 0, 7, 6, 'commodore norrington', 1),
(764, 4, 514, 'party''s over. scum', 'PDC185', 'PDC185.png', 0, 0, 0, 6, 6, 'commodore norrington', 1),
(765, 4, 512, 'under duress', 'PDC185v', 'PDC185v.png', 1, 0, 0, 6, 7, 'commodore norrington', 1),
(766, 4, 514, 'party''s over. scum', 'PDC186', 'PDC186.png', 0, 0, 0, 6, 6, 'commodore norrington', 1),
(767, 4, 513, 'commodore''s command', 'PDC186v', 'PDC186v.png', 0, 0, 0, 7, 6, 'commodore norrington', 1),
(768, 4, 514, 'party''s over. scum', 'PDC187', 'PDC187.png', 0, 0, 0, 6, 6, 'commodore norrington', 1),
(769, 4, 514, 'man of iron', 'PDC187v', 'PDC187v.png', 1, 1, 0, 6, 8, 'commodore norrington', 1),
(770, 4, 324, 'rust and black powder', 'PDC188', 'PDC188.png', 0, 0, 0, 5, 4, 'davy jones', 1),
(771, 4, 515, 'soul cannon', 'PDC188v', 'PDC188v.png', 0, 0, 0, 6, 7, 'davy jones', 1),
(772, 4, 324, 'rust and black powder', 'PDC189', 'PDC189.png', 0, 0, 0, 5, 4, 'davy jones', 1),
(773, 4, 515, 'soul cannon', 'PDC189v', 'PDC189v.png', 0, 0, 0, 6, 7, 'davy jones', 1),
(774, 4, 324, 'rust and black powder', 'PDC190', 'PDC190.png', 0, 0, 0, 5, 4, 'davy jones', 1),
(775, 4, 516, 'command the kraken', 'PDC190v', 'PDC190v.png', 2, 0, 0, 5, 7, 'davy jones', 1),
(776, 4, 517, 'kraken attack', 'PDC191', 'PDC191.png', 1, 1, 0, 6, 6, 'davy jones', 1),
(777, 4, 515, 'soul cannon', 'PDC191v', 'PDC191v.png', 0, 0, 0, 6, 7, 'davy jones', 1),
(778, 4, 517, 'kraken attack', 'PDC192', 'PDC192.png', 1, 1, 0, 6, 6, 'davy jones', 1),
(779, 4, 516, 'command the kraken', 'PDC192v', 'PDC192v.png', 2, 0, 0, 5, 7, 'davy jones', 1),
(780, 4, 517, 'kraken attack', 'PDC193', 'PDC193.png', 1, 1, 0, 6, 6, 'davy jones', 1),
(781, 4, 518, 'nefarious intent', 'PDC193v', 'PDC193v.png', 0, 1, 0, 7, 6, 'davy jones', 1),
(782, 4, 377, 'the art of the blade', 'PDC194', 'PDC194.png', 0, 0, 0, 6, 4, 'elizabeth swann', 1),
(783, 4, 519, 'punch in the mouth', 'PDC194v', 'PDC194v.png', 0, 0, 0, 7, 5, 'elizabeth swann', 1),
(784, 4, 377, 'the art of the blade', 'PDC195', 'PDC195.png', 0, 0, 0, 6, 4, 'elizabeth swann', 1),
(785, 4, 519, 'punch in the mouth', 'PDC195v', 'PDC195v.png', 0, 0, 0, 7, 5, 'elizabeth swann', 1),
(786, 4, 377, 'the art of the blade', 'PDC196', 'PDC196.png', 0, 0, 0, 6, 4, 'elizabeth swann', 1),
(787, 4, 520, 'stunning beauty', 'PDC196v', 'PDC196v.png', 0, 1, 0, 8, 6, 'elizabeth swann', 1),
(788, 4, 521, 'wheel turner', 'PDC197', 'PDC197.png', 1, 0, 0, 5, 5, 'elizabeth swann', 1),
(789, 4, 519, 'punch in the mouth', 'PDC197v', 'PDC197v.png', 0, 0, 0, 7, 5, 'elizabeth swann', 1),
(790, 4, 521, 'wheel turner', 'PDC198', 'PDC198.png', 1, 0, 0, 5, 5, 'elizabeth swann', 1),
(791, 4, 520, 'stunning beauty', 'PDC198v', 'PDC198v.png', 0, 1, 0, 8, 6, 'elizabeth swann', 1),
(792, 4, 521, 'wheel turner', 'PDC199', 'PDC199.png', 1, 0, 0, 5, 5, 'elizabeth swann', 1),
(793, 4, 522, 'repel the enemy', 'PDC199v', 'PDC199v.png', 1, 0, 0, 6, 6, 'elizabeth swann', 1),
(794, 4, 523, 'blade from the depths', 'PDC200', 'PDC200.png', 0, 0, 0, 5, 4, 'greenbeard', 1),
(795, 4, 524, 'monstrous blow', 'PDC200v', 'PDC200v.png', 1, 0, 0, 6, 7, 'greenbeard', 1),
(796, 4, 523, 'blade from the depths', 'PDC201', 'PDC201.png', 0, 0, 0, 5, 4, 'greenbeard', 1),
(797, 4, 524, 'monstrous blow', 'PDC201v', 'PDC201v.png', 1, 0, 0, 6, 7, 'greenbeard', 1),
(798, 4, 523, 'blade from the depths', 'PDC202', 'PDC202.png', 0, 0, 0, 5, 4, 'greenbeard', 1),
(799, 4, 523, 'rum-ble', 'PDC202v', 'PDC202v.png', 0, 0, 0, 6, 6, 'greenbeard', 1),
(800, 4, 156, 'barnacle blade', 'PDC203', 'PDC203.png', 0, 1, 0, 6, 6, 'greenbeard', 1),
(801, 4, 524, 'monstrous blow', 'PDC203v', 'PDC203v.png', 1, 0, 0, 6, 7, 'greenbeard', 1),
(802, 4, 156, 'barnacle blade', 'PDC204', 'PDC204.png', 0, 1, 0, 6, 6, 'greenbeard', 1),
(803, 4, 523, 'rum-ble', 'PDC204v', 'PDC204v.png', 0, 0, 0, 6, 6, 'greenbeard', 1),
(804, 4, 156, 'barnacle blade', 'PDC205', 'PDC205.png', 0, 1, 0, 6, 6, 'greenbeard', 1),
(805, 4, 525, 'barnacl grip', 'PDC205v', 'PDC205v.png', 0, 0, 0, 5, 7, 'greenbeard', 1),
(806, 4, 437, 'lead from behind', 'PDC206', 'PDC206.png', 1, 0, 0, 6, 3, 'jack sparrow', 1),
(807, 4, 526, 'fire away!', 'PDC206v', 'PDC206v.png', 0, 1, 0, 6, 7, 'jack sparrow', 1),
(808, 4, 437, 'lead from behind', 'PDC207', 'PDC207.png', 1, 0, 0, 6, 3, 'jack sparrow', 1),
(809, 4, 526, 'fire away!', 'PDC207v', 'PDC207v.png', 0, 1, 0, 6, 7, 'jack sparrow', 1),
(810, 4, 437, 'lead from behind', 'PDC208', 'PDC208.png', 1, 0, 0, 6, 3, 'jack sparrow', 1),
(811, 4, 527, 'rum torch', 'PDC208v', 'PDC208v.png', 0, 0, 0, 7, 6, 'jack sparrow', 1),
(812, 4, 350, 'last bullet', 'PDC209', 'PDC209.png', 0, 0, 0, 5, 5, 'jack sparrow', 1),
(813, 4, 526, 'fire away!', 'PDC209v', 'PDC209v.png', 0, 1, 0, 6, 7, 'jack sparrow', 1),
(814, 4, 350, 'last bullet', 'PDC210', 'PDC210.png', 0, 0, 0, 5, 5, 'jack sparrow', 1),
(815, 4, 527, 'rum torch', 'PDC210v', 'PDC210v.png', 0, 0, 0, 7, 6, 'jack sparrow', 1),
(816, 4, 350, 'last bullet', 'PDC211', 'PDC211.png', 0, 0, 0, 5, 5, 'jack sparrow', 1),
(817, 4, 528, 'daring escape', 'PDC211v', 'PDC211v.png', 0, 0, 0, 6, 6, 'jack sparrow', 1),
(818, 4, 529, 'change of tactics', 'PDC212', 'PDC212.png', 1, 0, 0, 6, 4, 'lord beckett', 1),
(819, 4, 530, 'becketts bargain', 'PDC212v', 'PDC212v.png', 0, 0, 0, 8, 5, 'lord beckett', 1),
(820, 4, 529, 'change of tactics', 'PDC213', 'PDC213.png', 1, 0, 0, 6, 4, 'lord beckett', 1),
(821, 4, 530, 'becketts bargain', 'PDC213v', 'PDC213v.png', 0, 0, 0, 8, 5, 'lord beckett', 1),
(822, 4, 529, 'change of tactics', 'PDC214', 'PDC214.png', 1, 0, 0, 6, 4, 'lord beckett', 1),
(823, 4, 531, 'dead aim', 'PDC214v', 'PDC214v.png', 1, 0, 0, 6, 7, 'lord beckett', 1),
(824, 4, 532, 'you''re mine. Turner!', 'PDC215', 'PDC215.png', 0, 0, 0, 5, 5, 'lord beckett', 1),
(825, 4, 530, 'becketts bargain', 'PDC215v', 'PDC215v.png', 0, 0, 0, 8, 5, 'lord beckett', 1),
(826, 4, 532, 'you''re mine. Turner!', 'PDC216', 'PDC216.png', 0, 0, 0, 5, 5, 'lord beckett', 1),
(827, 4, 531, 'dead aim', 'PDC216v', 'PDC216v.png', 1, 0, 0, 6, 7, 'lord beckett', 1),
(828, 4, 532, 'you''re mine. Turner!', 'PDC217', 'PDC217.png', 0, 0, 0, 5, 5, 'lord beckett', 1),
(829, 4, 533, 'call to duty', 'PDC217v', 'PDC217v.png', 0, 0, 0, 7, 5, 'lord beckett', 1),
(830, 4, 534, 'heavy ordnance', 'PDC218', 'PDC218.png', 0, 0, 0, 5, 2, 'pintel and ragetti', 1),
(831, 4, 535, 'double trouble', 'PDC218v', 'PDC218v.png', 1, 0, 0, 7, 6, 'pintel and ragetti', 1),
(832, 4, 534, 'heavy ordnance', 'PDC219', 'PDC219.png', 0, 0, 0, 5, 2, 'pintel and ragetti', 1),
(833, 4, 535, 'double trouble', 'PDC219v', 'PDC219v.png', 1, 0, 0, 7, 6, 'pintel and ragetti', 1),
(834, 4, 534, 'heavy ordnance', 'PDC220', 'PDC220.png', 0, 0, 0, 5, 2, 'pintel and ragetti', 1),
(835, 4, 536, 'rum and gold', 'PDC220v', 'PDC220v.png', 0, 0, 0, 7, 3, 'pintel and ragetti', 1),
(836, 4, 380, 'cunning plan', 'PDC221', 'PDC221.png', 1, 0, 0, 6, 5, 'pintel and ragetti', 1),
(837, 4, 535, 'double trouble', 'PDC221v', 'PDC221v.png', 1, 0, 0, 7, 6, 'pintel and ragetti', 1),
(838, 4, 380, 'cunning plan', 'PDC222', 'PDC222.png', 1, 0, 0, 6, 5, 'pintel and ragetti', 1),
(839, 4, 536, 'rum and gold', 'PDC222v', 'PDC222v.png', 0, 0, 0, 7, 3, 'pintel and ragetti', 1),
(840, 4, 380, 'cunning plan', 'PDC223', 'PDC223.png', 1, 0, 0, 6, 5, 'pintel and ragetti', 1),
(841, 4, 537, '''ello poppet', 'PDC223v', 'PDC223v.png', 0, 0, 0, 8, 4, 'pintel and ragetti', 1),
(842, 4, NULL, 'cat''s grace', 'PDC224', 'PDC224.png', 2, 0, 0, 8, 5, 'rachel darling', 1),
(843, 4, 538, 'over the rails!', 'PDC224v', 'PDC224v.png', 0, 0, 0, 5, 6, 'rachel darling', 1),
(844, 4, NULL, 'cat''s grace', 'PDC225', 'PDC225.png', 2, 0, 0, 8, 5, 'rachel darling', 1),
(845, 4, 538, 'over the rails!', 'PDC225v', 'PDC225v.png', 0, 0, 0, 5, 6, 'rachel darling', 1),
(846, 4, NULL, 'cat''s grace', 'PDC226', 'PDC226.png', 2, 0, 0, 8, 5, 'rachel darling', 1),
(847, 4, 404, 'frenzied attack', 'PDC226v', 'PDC226v.png', 1, 0, 0, 9, 3, 'rachel darling', 1),
(848, 4, 539, 'swashbuckler', 'PDC227', 'PDC227.png', 0, 0, 0, 6, 4, 'rachel darling', 1),
(849, 4, 538, 'over the rails!', 'PDC227v', 'PDC227v.png', 0, 0, 0, 5, 6, 'rachel darling', 1),
(850, 4, 539, 'swashbuckler', 'PDC228', 'PDC228.png', 0, 0, 0, 6, 4, 'rachel darling', 1),
(851, 4, 404, 'frenzied attack', 'PDC228v', 'PDC228v.png', 1, 0, 0, 9, 3, 'rachel darling', 1),
(852, 4, 539, 'swashbuckler', 'PDC229', 'PDC229.png', 0, 0, 0, 6, 4, 'rachel darling', 1),
(853, 4, 540, 'deadly accuracy', 'PDC229v', 'PDC229v.png', 0, 1, 0, 0, 0, 'rachel darling', 1),
(854, 4, 171, 'worth dying for', 'PDC230', 'PDC230.png', 1, 1, 0, 5, 6, 'will turner', 1),
(855, 4, 171, 'shove off', 'PDC230v', 'PDC230v.png', 0, 1, 0, 6, 7, 'will turner', 1),
(856, 4, 171, 'worth dying for', 'PDC231', 'PDC231.png', 1, 1, 0, 5, 6, 'will turner', 1),
(857, 4, 171, 'shove off', 'PDC231v', 'PDC231v.png', 0, 1, 0, 6, 7, 'will turner', 1),
(858, 4, 171, 'worth dying for', 'PDC232', 'PDC232.png', 1, 1, 0, 5, 6, 'will turner', 1),
(859, 4, 541, 'jus''like ol'' bootstrap', 'PDC232v', 'PDC232v.png', 1, 0, 0, 3, 8, 'will turner', 1),
(860, 4, 542, 'hold your ground', 'PDC233', 'PDC233.png', 0, 0, 0, 6, 3, 'will turner', 1),
(861, 4, 171, 'shove off', 'PDC233v', 'PDC233v.png', 0, 1, 0, 6, 7, 'will turner', 1),
(862, 4, 542, 'hold your ground', 'PDC234', 'PDC234.png', 0, 0, 0, 6, 3, 'will turner', 1),
(863, 4, 541, 'jus''like ol'' bootstrap', 'PDC234v', 'PDC234v.png', 1, 0, 0, 3, 8, 'will turner', 1),
(864, 4, 542, 'hold your ground', 'PDC235', 'PDC235.png', 0, 0, 0, 6, 3, 'will turner', 1),
(865, 4, 543, 'carcass shot', 'PDC235v', 'PDC235v.png', 0, 0, 0, 7, 4, 'will turner', 1),
(866, 5, 545, 'Lethal Riddle', 'PRQ001', 'PRQ001.png', 1, 1, 0, 4, 4, '', 3),
(867, 5, 546, 'High-Tech Equipment', 'PRQ002', 'PRQ002.png', 1, 0, 0, 0, 0, '', 4),
(868, 5, 547, 'Catwoman - working for no one', 'PRQ003', 'PRQ003.png', 0, 1, 1, 0, 0, '', 2),
(869, 5, 548, 'Absorption', 'PRQ004', 'PRQ004.png', 3, 0, 0, 6, 3, '', 3),
(870, 5, 549, 'Digitaly Advanced Vilain Emulator', 'PRQ005', 'PRQ005.png', 0, 0, 1, 0, 0, '', 4),
(871, 5, 550, 'Zombified Citizen - Braiiiiiiiin', 'PRQ006', 'PRQ006.png', 0, 1, 0, 0, 0, '', 2),
(872, 6, 555, 'geared up for action', 'CBA01', 'CBA01.png', 0, 0, 0, 5, 4, 'batman', 1),
(873, 6, 552, 'batrang shot', 'CBA01v', 'CBA01v.png', 0, 1, 0, 6, 5, 'batman', 1),
(874, 6, 555, 'geared up for action', 'CBA02', 'CBA02.png', 0, 0, 0, 5, 4, 'batman', 1),
(875, 6, 290, 'already in action', 'CBA02v', 'CBA02v.png', 1, 0, 1, 9, 6, 'batman', 1),
(876, 6, 551, 'teaming up', 'CBA03', 'CBA03.png', 0, 1, 1, 6, 6, 'batman', 1),
(877, 6, 552, 'batrang shot', 'CBA03v', 'CBA03v.png', 0, 1, 0, 6, 5, 'batman', 1),
(878, 6, 551, 'teaming up', 'CBA04', 'CBA04.png', 0, 1, 1, 6, 6, 'batman', 1),
(879, 6, 290, 'already in action', 'CBA04v', 'CBA04v.png', 1, 0, 1, 9, 6, 'batman', 1),
(880, 6, 555, 'geared up for action', 'CBA05', 'CBA05.png', 0, 0, 0, 5, 4, 'batman', 1),
(881, 6, 556, 'the dark knight', 'CBA05v', 'CBA05v.png', 0, 1, 2, 7, 7, 'batman', 1),
(882, 6, 551, 'teaming up', 'CBA06', 'CBA06.png', 0, 1, 1, 6, 6, 'batman', 1),
(883, 6, 556, 'the dark knight', 'CBA06v', 'CBA06v.png', 0, 1, 2, 7, 7, 'batman', 1),
(884, 6, 86, 'circus boy', 'CBA07', 'CBA07.png', 0, 0, 0, 5, 4, 'robin', 1),
(885, 6, 557, 'on bike', 'CBA07v', 'CBA07v.png', 2, 0, 0, 5, 6, 'robin', 1),
(886, 6, 86, 'circus boy', 'CBA08', 'CBA08.png', 0, 0, 0, 5, 4, 'robin', 1),
(887, 6, 554, 'multiple kid', 'CBA08v', 'CBA08v.png', 1, 0, 1, 6, 5, 'robin', 1),
(888, 6, 553, 'official sidekick', 'CBA09', 'CBA09.png', 0, 0, 0, 4, 4, 'robin', 1),
(889, 6, 557, 'on bike', 'CBA09v', 'CBA09v.png', 2, 0, 0, 5, 6, 'robin', 1),
(890, 6, 553, 'official sidekick', 'CBA10', 'CBA10.png', 0, 0, 0, 4, 4, 'robin', 1),
(891, 6, 554, 'multiple kid', 'CBA10v', 'CBA10v.png', 1, 0, 1, 6, 5, 'robin', 1),
(892, 6, 86, 'circus boy', 'CBA11', 'CBA11.png', 0, 0, 0, 5, 4, 'robin', 1),
(893, 6, 558, 'rocket robin', 'CBA11v', 'CBA11v.png', 0, 0, 0, 6, 6, 'robin', 1),
(894, 6, 553, 'official sidekick', 'CBA12', 'CBA12.png', 0, 0, 0, 4, 4, 'robin', 1),
(895, 6, 558, 'rocket robin', 'CBA12v', 'CBA12v.png', 0, 0, 0, 6, 6, 'robin', 1),
(896, 6, NULL, 'Olympic athlete skills', 'CBA13', 'CBA13.png', 0, 0, 0, 8, 5, 'batgirl', 1),
(897, 6, 559, 'I brought my own stuff', 'CBA13v', 'CBA13v.png', 0, 0, 0, 6, 4, 'batgirl', 1),
(898, 6, NULL, 'Olympic athlete skills', 'CBA14', 'CBA14.png', 0, 0, 0, 8, 5, 'batgirl', 1),
(899, 6, NULL, 'Bat robot fighter', 'CBA14v', 'CBA14v.png', 1, 1, 0, 8, 7, 'batgirl', 1),
(900, 6, 560, 'Unofficial sidekick', 'CBA15', 'CBA15.png', 0, 0, 0, 6, 4, 'batgirl', 1),
(901, 6, 559, 'I brought my own stuff', 'CBA15v', 'CBA15v.png', 0, 0, 0, 6, 4, 'batgirl', 1),
(902, 6, 560, 'Unofficial sidekick', 'CBA16', 'CBA16.png', 0, 0, 0, 6, 4, 'batgirl', 1),
(903, 6, NULL, 'Bat robot fighter', 'CBA16v', 'CBA16v.png', 1, 1, 0, 8, 7, 'batgirl', 1),
(904, 6, NULL, 'Olympic athlete skills', 'CBA17', 'CBA17.png', 0, 0, 0, 8, 5, 'batgirl', 1),
(905, 6, 561, 'In the loop', 'CBA17v', 'CBA17v.png', 0, 1, 0, 8, 7, 'batgirl', 1),
(906, 6, 560, 'Unofficial sidekick', 'CBA18', 'CBA18.png', 0, 0, 0, 6, 4, 'batgirl', 1),
(907, 6, 561, 'In the loop', 'CBA18v', 'CBA18v.png', 0, 1, 0, 8, 7, 'batgirl', 1),
(908, 6, 33, 'Pursuit of justice', 'CBA19', 'CBA19.png', 1, 0, 0, 5, 5, 'Detective Yin', 1),
(909, 6, 380, 'Crime scene investigation', 'CBA19v', 'CBA19v.png', 0, 0, 1, 6, 6, 'Detective Yin', 1),
(910, 6, 33, 'Pursuit of justice', 'CBA20', 'CBA20.png', 1, 0, 0, 5, 5, 'Detective Yin', 1),
(911, 6, 562, 'New allies', 'CBA20v', 'CBA20v.png', 1, 0, 1, 7, 6, 'Detective Yin', 1),
(912, 6, 563, 'Faithfull partner', 'CBA21', 'CBA21.png', 0, 0, 0, 4, 6, 'Detective Yin', 1),
(913, 6, 380, 'Crime scene investigation', 'CBA21v', 'CBA21v.png', 0, 0, 1, 6, 6, 'Detective Yin', 1),
(914, 6, 563, 'Faithfull partner', 'CBA22', 'CBA22.png', 0, 0, 0, 4, 6, 'Detective Yin', 1),
(915, 6, 562, 'New allies', 'CBA22v', 'CBA22v.png', 1, 0, 1, 7, 6, 'Detective Yin', 1),
(916, 6, 33, 'Pursuit of justice', 'CBA23', 'CBA23.png', 1, 0, 0, 5, 5, 'Detective Yin', 1),
(917, 6, 353, 'Fight for the Truth', 'CBA23v', 'CBA23v.png', 1, 0, 1, 6, 6, 'Detective Yin', 1),
(918, 6, 563, 'Faithfull partner', 'CBA24', 'CBA24.png', 0, 0, 0, 4, 6, 'Detective Yin', 1),
(919, 6, 353, 'Fight for the Truth', 'CBA24v', 'CBA24v.png', 1, 0, 1, 6, 6, 'Detective Yin', 1),
(920, 6, 564, 'Zealous cop', 'CBA25', 'CBA25.png', 1, 0, 0, 5, 6, 'Detective Bennet', 1),
(921, 6, 565, 'Clay arrow', 'CBA25v', 'CBA25v.png', 2, 0, 0, 6, 3, 'Clayface', 1),
(922, 6, 564, 'Zealous cop', 'CBA26', 'CBA26.png', 1, 0, 0, 5, 6, 'Detective Bennet', 1),
(923, 6, 566, 'Clay hammer', 'CBA26v', 'CBA26v.png', 0, 0, 1, 7, 4, 'Clayface', 1),
(924, 6, 567, 'Ethan Bennet', 'CBA27', 'CBA27.png', 1, 0, 0, 5, 4, 'Detective Bennet', 1),
(925, 6, 565, 'Clay arrow', 'CBA27v', 'CBA27v.png', 2, 0, 0, 6, 3, 'Clayface', 1),
(926, 6, 567, 'Ethan Bennet', 'CBA28', 'CBA28.png', 1, 0, 0, 5, 4, 'Detective Bennet', 1),
(927, 6, 566, 'Clay hammer', 'CBA28v', 'CBA28v.png', 0, 0, 1, 7, 4, 'Clayface', 1),
(928, 6, 564, 'Zealous cop', 'CBA29', 'CBA29.png', 1, 0, 0, 5, 6, 'Detective Bennet', 1),
(929, 6, 66, 'Clayface', 'CBA29v', 'CBA29v.png', 0, 2, 1, 13, 0, 'Clayface', 1),
(930, 6, 567, 'Ethan Bennet', 'CBA30', 'CBA30.png', 1, 0, 0, 5, 4, 'Detective Bennet', 1),
(931, 6, 66, 'Clayface', 'CBA30v', 'CBA30v.png', 0, 2, 1, 13, 0, 'Clayface', 1),
(932, 6, 568, 'Commish', 'CBA31', 'CBA31.png', 0, 0, 0, 4, 4, 'commissioner Gordon', 1),
(933, 6, 569, 'Public Statement', 'CBA31v', 'CBA31v.png', 0, 0, 0, 6, 2, 'Commissioner Gordon', 1),
(934, 6, 568, 'Commish', 'CBA32', 'CBA32.png', 0, 0, 0, 4, 4, 'commissioner Gordon', 1),
(935, 6, 570, 'The face of justice', 'CBA32v', 'CBA32v.png', 1, 0, 0, 6, 5, 'Commissioner Gordon', 1),
(936, 6, 571, 'In touch', 'CBA33', 'CBA33.png', 1, 0, 0, 5, 5, 'Commissioner Gordon', 1),
(937, 6, 569, 'Public Statement', 'CBA33v', 'CBA33v.png', 0, 0, 0, 6, 2, 'Commissioner Gordon', 1),
(938, 6, 571, 'In touch', 'CBA34', 'CBA34.png', 1, 0, 0, 5, 5, 'Commissioner Gordon', 1),
(939, 6, 570, 'The face of justice', 'CBA34v', 'CBA34v.png', 1, 0, 0, 6, 5, 'Commissioner Gordon', 1),
(940, 6, 568, 'Commish', 'CBA35', 'CBA35.png', 0, 0, 0, 4, 4, 'commissioner Gordon', 1),
(941, 6, 572, 'Desperate need', 'CBA35v', 'CBA35v.png', 0, 0, 0, 6, 6, 'Commissioner Gordon', 1),
(942, 6, 571, 'In touch', 'CBA36', 'CBA36.png', 1, 0, 0, 5, 5, 'Commissioner Gordon', 1),
(943, 6, 572, 'Desperate need', 'CBA36v', 'CBA36v.png', 0, 0, 0, 6, 6, 'Commissioner Gordon', 1),
(944, 6, 573, 'Surprise delivery', 'CBA37', 'CBA37.png', 0, 0, 0, 5, 5, 'Joker', 1),
(945, 6, 574, 'The artist', 'CBA37v', 'CBA37v.png', 0, 1, 0, 6, 6, 'Joker', 1),
(946, 6, 573, 'Surprise delivery', 'CBA38', 'CBA38.png', 0, 0, 0, 5, 5, 'Joker', 1),
(947, 6, 575, 'Brawn', 'CBA38v', 'CBA38v.png', 0, 0, 0, 6, 6, 'Joker', 1),
(948, 6, 576, 'Highflyer', 'CBA39', 'CBA39.png', 1, 0, 0, 5, 5, 'Joker', 1),
(949, 6, 574, 'The artist', 'CBA39v', 'CBA39v.png', 0, 1, 0, 6, 6, 'Joker', 1),
(950, 6, 576, 'Highflyer', 'CBA40', 'CBA40.png', 1, 0, 0, 5, 5, 'Joker', 1),
(951, 6, 575, 'Brawn', 'CBA40v', 'CBA40v.png', 0, 0, 0, 6, 6, 'Joker', 1),
(952, 6, 573, 'Surprise delivery', 'CBA41', 'CBA41.png', 0, 0, 0, 5, 5, 'Joker', 1),
(953, 6, 577, 'The batman?', 'CBA41v', 'CBA41v.png', 0, 0, 1, 7, 6, 'Joker', 1),
(954, 6, 576, 'Highflyer', 'CBA42', 'CBA42.png', 1, 0, 0, 5, 5, 'Joker', 1),
(955, 6, 577, 'The batman?', 'CBA42v', 'CBA42v.png', 0, 0, 1, 7, 6, 'Joker', 1),
(956, 6, 578, 'Oswald Cobblepot', 'CBA43', 'CBA43.png', 0, 1, 0, 5, 5, 'Penguin', 1),
(957, 6, 562, 'Well guarded', 'CBA43v', 'CBA43v.png', 0, 0, 0, 5, 6, 'Penguin', 1),
(958, 6, 578, 'Oswald Cobblepot', 'CBA44', 'CBA44.png', 0, 1, 0, 5, 5, 'Penguin', 1),
(959, 6, 579, 'Stupid pennyworth', 'CBA44v', 'CBA44v.png', 1, 1, 0, 4, 5, 'Penguin', 1),
(960, 6, 580, 'Avian thief', 'CBA45', 'CBA45.png', 0, 0, 0, 5, 5, 'Penguin', 1),
(961, 6, 562, 'Well guarded', 'CBA45v', 'CBA45v.png', 0, 0, 0, 5, 6, 'Penguin', 1),
(962, 6, 580, 'Avian thief', 'CBA46', 'CBA46.png', 0, 0, 0, 5, 5, 'Penguin', 1),
(963, 6, 579, 'Stupid pennyworth', 'CBA46v', 'CBA46v.png', 1, 1, 0, 4, 5, 'Penguin', 1),
(964, 6, 578, 'Oswald Cobblepot', 'CBA47', 'CBA47.png', 0, 1, 0, 5, 5, 'Penguin', 1),
(965, 6, 581, 'King of crime', 'CBA47v', 'CBA47v.png', 2, 0, 1, 7, 7, 'Penguin', 1),
(966, 6, 580, 'Avian thief', 'CBA48', 'CBA48.png', 0, 0, 0, 5, 5, 'Penguin', 1),
(967, 6, 581, 'King of crime', 'CBA48v', 'CBA48v.png', 2, 0, 1, 7, 7, 'Penguin', 1),
(968, 6, 582, 'Fearless mercenary', 'CBA49', 'CBA49.png', 0, 1, 0, 5, 5, 'bane', 1),
(969, 6, 583, 'Hardly stoppable', 'CBA49v', 'CBA49v.png', 2, 0, 0, 6, 7, 'bane', 1),
(970, 6, 582, 'Fearless mercenary', 'CBA50', 'CBA50.png', 0, 1, 0, 5, 5, 'bane', 1),
(971, 6, 584, 'Domination', 'CBA50v', 'CBA50v.png', 1, 1, 0, 4, 6, 'bane', 1),
(972, 6, 585, 'Fast and furious', 'CBA51', 'CBA51.png', 1, 1, 0, 5, 6, 'bane', 1),
(973, 6, 583, 'Hardly stoppable', 'CBA51v', 'CBA51v.png', 2, 0, 0, 6, 7, 'bane', 1),
(974, 6, 585, 'Fast and furious', 'CBA52', 'CBA52.png', 1, 1, 0, 5, 6, 'bane', 1),
(975, 6, 584, 'Domination', 'CBA52v', 'CBA52v.png', 1, 1, 0, 4, 6, 'bane', 1),
(976, 6, 582, 'Fearless mercenary', 'CBA53', 'CBA53.png', 0, 1, 0, 5, 5, 'bane', 1),
(977, 6, 586, 'Fierce brute', 'CBA53v', 'CBA53v.png', 1, 1, 1, 10, 9, 'bane', 1),
(978, 6, 585, 'Fast and furious', 'CBA54', 'CBA54.png', 1, 1, 0, 5, 6, 'bane', 1),
(979, 6, 586, 'Fierce brute', 'CBA54v', 'CBA54v.png', 1, 1, 1, 10, 9, 'bane', 1),
(980, 6, 380, 'Iceberg spawn', 'CBA55', 'CBA55.png', 0, 0, 0, 5, 4, 'Mr freeze', 1),
(981, 6, 537, 'Freeze', 'CBA55v', 'CBA55v.png', 1, 1, 1, 7, 7, 'Mr freeze', 1),
(982, 6, 380, 'Iceberg spawn', 'CBA56', 'CBA56.png', 0, 0, 0, 5, 4, 'Mr freeze', 1),
(983, 6, 587, 'Jewel robbery', 'CBA56v', 'CBA56v.png', 0, 1, 0, 7, 4, 'Mr freeze', 1),
(984, 6, 588, 'Ice trap', 'CBA57', 'CBA57.png', 1, 2, 0, 5, 6, 'Mr freeze', 1),
(985, 6, 537, 'Freeze', 'CBA57v', 'CBA57v.png', 1, 1, 1, 7, 7, 'Mr freeze', 1),
(986, 6, 588, 'Ice trap', 'CBA58', 'CBA58.png', 1, 2, 0, 5, 6, 'Mr freeze', 1),
(987, 6, 587, 'Jewel robbery', 'CBA58v', 'CBA58v.png', 0, 1, 0, 7, 4, 'Mr freeze', 1),
(988, 6, 380, 'Iceberg spawn', 'CBA59', 'CBA59.png', 0, 0, 0, 5, 4, 'Mr freeze', 1),
(989, 6, 589, 'The big chill', 'CBA59v', 'CBA59v.png', 0, 0, 3, 7, 10, 'Mr freeze', 1),
(990, 6, 588, 'Ice trap', 'CBA60', 'CBA60.png', 1, 2, 0, 5, 6, 'Mr freeze', 1),
(991, 6, 589, 'The big chill', 'CBA60v', 'CBA60v.png', 0, 0, 3, 7, 10, 'Mr freeze', 1),
(992, 6, NULL, 'Rock-like muscles', 'QBA001', 'QBA001.png', 1, 0, 0, 5, 2, '', 3),
(993, 6, NULL, 'Dangerous stranger', 'QBA002', 'QBA002.png', 1, 0, 0, 3, 5, '', 3),
(994, 6, 590, 'Small isn''t weak', 'QBA003', 'QBA003.png', 1, 0, 0, 4, 3, '', 3),
(995, 6, 564, 'Fit in the box', 'QBA004', 'QBA004.png', 1, 0, 0, 4, 3, '', 3),
(996, 6, 591, 'Citizen defender', 'QBA005', 'QBA005.png', 1, 0, 0, 3, 2, '', 3),
(997, 6, 592, 'Let me think of it', 'QBA006', 'QBA006.png', 1, 0, 0, 3, 2, '', 3),
(998, 6, NULL, 'Demonic apparition', 'QBA007', 'QBA007.png', 1, 0, 0, 4, 3, '', 3),
(999, 6, 593, 'I don''t need you', 'QBA008', 'QBA008.png', 2, 0, 0, 3, 3, '', 3),
(1000, 6, 594, 'Wanna play with me?', 'QBA009', 'QBA009.png', 2, 0, 0, 3, 6, '', 3),
(1001, 6, 595, 'Motivate the troops', 'QBA010', 'QBA010.png', 2, 0, 0, 4, 3, '', 3),
(1002, 6, 596, 'Rush', 'QBA011', 'QBA011.png', 2, 0, 0, 4, 4, '', 3),
(1003, 6, 597, 'Guess who!', 'QBA012', 'QBA012.png', 2, 0, 0, 4, 4, '', 3),
(1004, 6, 598, 'Finally invited', 'QBA013', 'QBA013.png', 2, 0, 0, 4, 3, '', 3),
(1005, 6, 599, 'Thorn lash', 'QBA014', 'QBA014.png', 2, 0, 0, 4, 3, '', 3),
(1006, 6, 600, 'Tech robbery', 'QBA015', 'QBA015.png', 2, 0, 0, 3, 3, '', 3),
(1007, 6, 601, 'Brave warden', 'QBA016', 'QBA016.png', 2, 0, 0, 5, 2, '', 3),
(1008, 6, 602, 'Tag team', 'QBA017', 'QBA017.png', 3, 0, 0, 4, 4, '', 3),
(1009, 6, 603, 'Trapped', 'QBA018', 'QBA018.png', 3, 0, 0, 5, 4, '', 3),
(1010, 6, 604, 'This will help me', 'QBA019', 'QBA019.png', 3, 0, 0, 6, 4, '', 3),
(1011, 6, 605, 'Two time move', 'QBA020', 'QBA020.png', 3, 0, 0, 4, 4, '', 3),
(1012, 6, 66, 'Breaking in', 'QBA021', 'QBA021.png', 3, 0, 0, 7, 2, '', 3),
(1013, 6, 49, 'Think of your answer', 'QBA022', 'QBA022.png', 3, 0, 0, 4, 4, '', 3),
(1014, 6, 606, 'Dismembering', 'QBA023', 'QBA023.png', 3, 0, 0, 4, 5, '', 3),
(1015, 6, 607, 'Gotcha!', 'QBA024', 'QBA024.png', 4, 0, 0, 6, 4, '', 3),
(1016, 6, 194, 'Rapide slide attack', 'QBA025', 'QBA025.png', 4, 0, 0, 6, 5, '', 3),
(1017, 6, NULL, 'Primal rage', 'QBA026', 'QBA026.png', 0, 1, 0, 3, 6, '', 3),
(1018, 6, 608, 'Intense training', 'QBA027', 'QBA027.png', 0, 1, 0, 5, 4, '', 3),
(1019, 6, 609, 'Leave this to me!', 'QBA028', 'QBA028.png', 0, 1, 0, 5, 3, '', 3),
(1020, 6, 610, 'Transformation', 'QBA029', 'QBA029.png', 0, 1, 0, 6, 3, '', 3),
(1021, 6, 611, 'Treasure hunt', 'QBA030', 'QBA030.png', 0, 1, 0, 5, 3, '', 3),
(1022, 6, 612, 'Dark influence', 'QBA031', 'QBA031.png', 0, 1, 0, 4, 4, '', 3),
(1023, 6, 613, 'Secret hideout', 'QBA032', 'QBA032.png', 0, 2, 0, 5, 4, '', 3),
(1024, 6, 614, 'Trust no one', 'QBA033', 'QBA033.png', 0, 2, 0, 5, 5, '', 3),
(1025, 6, 615, 'Interview', 'QBA034', 'QBA034.png', 0, 2, 0, 7, 5, '', 3),
(1026, 6, 616, 'Aerial battle', 'QBA035', 'QBA035.png', 0, 2, 0, 6, 3, '', 3),
(1027, 6, 617, 'Iced shield', 'QBA036', 'QBA036.png', 0, 2, 0, 7, 5, '', 3),
(1028, 6, 566, 'Underworld', 'QBA037', 'QBA037.png', 0, 2, 0, 6, 3, '', 3),
(1029, 6, 618, 'Call the backup', 'QBA038', 'QBA038.png', 0, 2, 0, 5, 4, '', 3),
(1030, 6, 619, 'Respect my authority', 'QBA039', 'QBA039.png', 0, 2, 0, 5, 5, '', 3),
(1031, 6, 620, 'Secret Justice', 'QBA040', 'QBA040.png', 1, 1, 0, 7, 1, '', 3),
(1032, 6, 621, 'Unnatural strength', 'QBA041', 'QBA041.png', 1, 1, 0, 5, 4, '', 3),
(1033, 6, 622, 'One arm for each', 'QBA042', 'QBA042.png', 1, 1, 0, 5, 4, '', 3),
(1034, 6, 623, 'Quick communication', 'QBA043', 'QBA043.png', 1, 1, 0, 5, 4, '', 3),
(1035, 6, 118, 'The bigger the better', 'QBA044', 'QBA044.png', 1, 1, 0, 5, 4, '', 3),
(1036, 6, 413, 'Fear of the Dark', 'QBA045', 'QBA045.png', 2, 1, 0, 5, 5, '', 3),
(1037, 6, 624, 'Bounce', 'QBA046', 'QBA046.png', 2, 1, 0, 7, 4, '', 3),
(1038, 6, 625, 'Frozen dome', 'QBA047', 'QBA047.png', 2, 1, 0, 6, 4, '', 3),
(1039, 6, 626, 'Don''t you dare', 'QBA048', 'QBA048.png', 2, 1, 0, 5, 5, '', 3),
(1040, 6, 627, 'Bestial behaviour', 'QBA049', 'QBA049.png', 2, 1, 0, 3, 5, '', 3),
(1041, 6, 628, 'Database', 'QBA050', 'QBA050.png', 2, 1, 0, 5, 4, '', 3),
(1042, 6, 629, 'Master of puppets', 'QBA051', 'QBA051.png', 3, 1, 0, 6, 4, '', 3),
(1043, 6, 630, 'Sneak in ', 'QBA052', 'QBA052.png', 1, 2, 0, 4, 4, '', 3),
(1044, 6, 631, 'Mayor''s pride', 'QBA053', 'QBA053.png', 1, 2, 0, 4, 4, '', 3),
(1045, 6, 632, 'Firefly', 'QBA054', 'QBA054.png', 1, 2, 0, 5, 5, '', 3),
(1046, 6, 36, 'Tired zombie', 'QBA055', 'QBA055.png', 1, 2, 0, 5, 6, '', 3),
(1047, 6, 633, 'Use the goons', 'QBA056', 'QBA056.png', 1, 2, 0, 4, 5, '', 3),
(1048, 6, 634, 'I m not afraid of frost', 'QBA057', 'QBA057.png', 1, 2, 0, 5, 3, '', 3),
(1049, 6, 635, 'Heavy fire', 'QBA058', 'QBA058.png', 1, 2, 0, 4, 5, '', 3),
(1050, 6, 636, 'Team action', 'QBA059', 'QBA059.png', 1, 2, 0, 5, 3, '', 3),
(1051, 6, 637, 'Ice blast', 'QBA060', 'QBA060.png', 2, 2, 0, 7, 5, '', 3),
(1052, 6, 638, 'Slider', 'QBA061', 'QBA061.png', 2, 2, 0, 5, 5, '', 3),
(1053, 6, 639, 'Next question', 'QBA062', 'QBA062.png', 2, 2, 0, 5, 5, '', 3),
(1054, 6, 640, 'Thorn trap', 'QBA063', 'QBA063.png', 2, 2, 0, 5, 4, '', 3),
(1055, 6, 2, 'We do as i say', 'QBA064', 'QBA064.png', 0, 0, 1, 3, 7, '', 3),
(1056, 6, 641, 'Let s work together', 'QBA065', 'QBA065.png', 0, 0, 1, 6, 6, 'Detective Yin', 3),
(1057, 6, 566, 'Power up', 'QBA066', 'QBA066.png', 0, 0, 1, 6, 2, '', 3),
(1058, 6, NULL, 'Fearless hero', 'QBA067', 'QBA067.png', 0, 0, 1, 5, 6, '', 3),
(1059, 6, 642, 'Wicked cruelty', 'QBA068', 'QBA068.png', 0, 0, 1, 6, 4, '', 3),
(1060, 6, 643, 'Ready to ride', 'QBA069', 'QBA069.png', 0, 0, 1, 6, 5, '', 3),
(1061, 6, 644, 'Her two knights', 'QBA070', 'QBA070.png', 0, 0, 2, 6, 5, 'Batgirl', 3),
(1062, 6, 645, 'Captain of his men', 'QBA071', 'QBA071.png', 0, 0, 2, 6, 6, '', 3),
(1063, 6, 60, '911', 'QBA072', 'QBA072.png', 1, 0, 1, 5, 4, '', 3),
(1064, 6, 646, 'Police protection', 'QBA073', 'QBA073.png', 1, 0, 1, 6, 4, '', 3),
(1065, 6, 647, 'Gotham law', 'QBA074', 'QBA074.png', 1, 0, 1, 5, 5, 'Detective Bennet', 3),
(1066, 6, 648, 'Restless protector', 'QBA075', 'QBA075.png', 2, 0, 1, 5, 4, '', 3),
(1067, 6, 649, 'Cupid dilemma', 'QBA076', 'QBA076.png', 2, 0, 1, 7, 5, '', 3),
(1068, 6, 650, 'Crawling spikes', 'QBA077', 'QBA077.png', 2, 0, 1, 6, 5, '', 3),
(1069, 6, 651, 'Fire extinguisher', 'QBA078', 'QBA078.png', 2, 0, 1, 6, 5, '', 3),
(1070, 6, 652, 'Mass control', 'QBA079', 'QBA079.png', 2, 0, 1, 6, 4, '', 3),
(1071, 6, 653, 'Triple threat match', 'QBA080', 'QBA080.png', 2, 0, 1, 5, 5, '', 3),
(1072, 6, 654, 'Genius Madness', 'QBA081', 'QBA081.png', 0, 1, 1, 4, 6, 'Joker', 3),
(1073, 6, 66, 'Ice bridge', 'QBA082', 'QBA082.png', 0, 1, 1, 7, 2, '', 3),
(1074, 6, 655, 'Daredevil', 'QBA083', 'QBA083.png', 0, 1, 1, 6, 6, 'Robin', 3),
(1075, 6, 656, 'Blizzard', 'QBA084', 'QBA084.png', 0, 2, 1, 4, 5, '', 3),
(1076, 6, 657, 'Toxic inhalation', 'QBA085', 'QBA085.png', 0, 2, 1, 4, 5, '', 3),
(1077, 6, 442, 'New information', 'QBA086', 'QBA086.png', 0, 2, 1, 7, 5, '', 3),
(1078, 6, 658, 'Not my fault', 'QBA087', 'QBA087.png', 0, 2, 1, 6, 5, '', 3),
(1079, 6, 659, 'The fatest thief', 'QBA088', 'QBA088.png', 0, 2, 2, 6, 6, '', 3),
(1080, 6, 660, 'Surgical improvement', 'QBA089', 'QBA089.png', 0, 2, 3, 6, 8, 'Bane', 3),
(1081, 6, 661, 'Dementia', 'QBA090', 'QBA090.png', 0, 1, 2, 6, 6, '', 3),
(1082, 6, 662, 'Team penguin', 'QBA091', 'QBA091.png', 0, 1, 2, 5, 5, '', 3),
(1083, 6, 66, 'Remember me', 'QBA092', 'QBA092.png', 0, 1, 2, 10, 0, '', 3),
(1084, 6, 663, 'I will clean this city', 'QBA093', 'QBA093.png', 1, 1, 1, 6, 6, 'Commissioner Gordon', 3),
(1085, 6, 664, 'Gotham''s hero', 'QBA094', 'QBA094.png', 2, 1, 1, 7, 5, 'Batman', 3),
(1086, 6, 665, 'Vegetable Monster', 'QBA095', 'QBA095.png', 2, 1, 1, 7, 5, '', 3),
(1087, 6, 95, 'Stolen belt', 'QBA096', 'QBA096.png', 2, 1, 1, 4, 4, '', 3),
(1088, 6, 666, 'Extensible criminal', 'QBA097', 'QBA097.png', 2, 2, 1, 2, 9, '', 3),
(1089, 6, 667, 'Fearless charge', 'QBA098', 'QBA098.png', 1, 2, 1, 6, 5, '', 3),
(1090, 6, 668, 'Storming the city', 'QBA099', 'QBA099.png', 1, 2, 1, 6, 6, '', 3),
(1091, 6, 510, 'Units management', 'QBA100', 'QBA100.png', 1, 2, 1, 5, 6, '', 3),
(1092, 6, 565, 'Tactical strike', 'QBA101', 'QBA101.png', 1, 2, 1, 8, 5, '', 3),
(1093, 6, 669, 'You re mine', 'QBA102', 'QBA102.png', 1, 1, 2, 4, 7, '', 3),
(1094, 6, 670, 'Cash tankenson - pretentious rookie', 'QBA103', 'QBA103.png', 1, 0, 0, 0, 0, '', 2),
(1095, 6, 671, 'Mayor grange - urban visionary', 'QBA104', 'QBA104.png', 1, 0, 0, 0, 0, '', 2),
(1096, 6, 672, 'Police driver - fast and furious', 'QBA105', 'QBA105.png', 1, 0, 0, 0, 0, '', 2),
(1097, 6, 673, 'News team - always ready', 'QBA106', 'QBA106.png', 1, 0, 0, 0, 0, '', 2),
(1098, 6, 674, 'Detective bennet - perplex', 'QBA107', 'QBA107.png', 1, 0, 0, 0, 0, '', 2),
(1099, 6, 675, 'Thug - Determined', 'QBA108', 'QBA108.png', 2, 0, 0, 0, 0, '', 2),
(1100, 6, 676, 'Armored Police - Heavy armored', 'QBA109', 'QBA109.png', 2, 0, 0, 0, 0, '', 2),
(1101, 6, 677, 'Gotham citizen - Afraid', 'QBA110', 'QBA110.png', 2, 0, 0, 0, 0, '', 2),
(1102, 6, 678, 'Dick grayson - Has still a lot to learn', 'QBA111', 'QBA111.png', 3, 0, 0, 0, 0, '', 2),
(1103, 6, 679, 'Batgirl - Precious resource', 'QBA112', 'QBA112.png', 3, 0, 0, 0, 0, '', 2),
(1104, 6, 680, 'Freaked out guy - Really scared', 'QBA113', 'QBA113.png', 3, 0, 0, 0, 0, '', 2),
(1105, 6, 681, 'Killer croc - Mutated lizard', 'QBA114', 'QBA114.png', 3, 0, 0, 0, 0, '', 2),
(1106, 6, 682, 'Scar face - Master and puppet', 'QBA115', 'QBA115.png', 3, 0, 0, 0, 0, '', 2),
(1107, 6, 683, 'Firefly - Supersonic thief', 'QBA116', 'QBA116.png', 0, 1, 0, 0, 0, '', 2),
(1108, 6, 684, 'Detective Yin - New comer from metropolis', 'QBA117', 'QBA117.png', 0, 1, 0, 0, 0, '', 2),
(1109, 6, 685, 'Barbara Gordon - Young and hopefull', 'QBA118', 'QBA118.png', 0, 1, 0, 0, 0, '', 2),
(1110, 6, 686, 'Aware watcher - Not laughing', 'QBA119', 'QBA119.png', 0, 1, 0, 0, 0, '', 2),
(1111, 6, 687, 'Bio Policemen - eco-cop', 'QBA120', 'QBA120.png', 0, 2, 0, 0, 0, '', 2),
(1112, 6, 688, 'Riddler - Enigma master', 'QBA121', 'QBA121.png', 0, 2, 0, 0, 0, '', 2),
(1113, 6, 689, 'Chief Rojas - Old fashioned', 'QBA122', 'QBA122.png', 1, 1, 0, 0, 0, '', 2),
(1114, 6, 690, 'Hugo Strange - Maleficient mastermind', 'QBA123', 'QBA123.png', 2, 1, 0, 0, 0, '', 2),
(1115, 6, 691, 'Lucius Fox - Wayne''s enterprises CEO', 'QBA124', 'QBA124.png', 2, 1, 0, 0, 0, '', 2),
(1116, 6, 692, 'Robin - Batman''s sidekick', 'QBA125', 'QBA125.png', 2, 2, 0, 0, 0, '', 2),
(1117, 6, 693, 'Ghost - Lost soul', 'QBA126', 'QBA126.png', 1, 2, 0, 0, 0, '', 2),
(1118, 6, 694, 'Clay face II - Second man of clay', 'QBA127', 'QBA127.png', 1, 2, 0, 0, 0, '', 2),
(1119, 6, 695, 'Commissioner Gordon - Law and order protector', 'QBA128', 'QBA128.png', 0, 0, 1, 0, 0, '', 2),
(1120, 6, 696, 'News anchor - Every day at 8PM', 'QBA129', 'QBA129.png', 0, 0, 1, 0, 0, '', 2),
(1121, 6, 697, 'Kabuki Twin - Sisters in crime', 'QBA130', 'QBA130.png', 0, 0, 2, 0, 0, 'penguin', 2),
(1122, 6, 698, 'Arkham warden - Jail keeper', 'QBA131', 'QBA131.png', 0, 0, 2, 0, 0, '', 2),
(1123, 6, 699, 'Harley Quinn', 'QBA132', 'QBA132.png', 1, 0, 1, 0, 0, 'Joker', 2),
(1124, 6, 700, 'Batman - Devices collector', 'QBA133', 'QBA133.png', 0, 1, 1, 0, 0, '', 2),
(1125, 6, 701, 'American ninja - Ninjas aren''t americans...', 'QBA134', 'QBA134.png', 0, 1, 1, 0, 0, '', 2),
(1126, 6, 702, 'Poison Ivy - Toxic teenager', 'QBA135', 'QBA135.png', 0, 2, 1, 0, 0, '', 2),
(1127, 6, 703, 'Bruce Wayne - Gentleman billionaire', 'QBA136', 'QBA136.png', 0, 2, 1, 0, 0, '', 2),
(1128, 6, 704, 'Alfred Pennyworth - Essential butler', 'QBA137', 'QBA137.png', 1, 1, 1, 0, 0, '', 2),
(1129, 6, 705, 'Police cordon', 'QBA138', 'QBA138.png', 1, 0, 0, 0, 0, '', 4),
(1130, 6, 75, 'Cartoon plan', 'QBA139', 'QBA139.png', 1, 0, 0, 0, 0, '', 4),
(1131, 6, 706, 'Sona view', 'QBA140', 'QBA140.png', 1, 0, 0, 0, 0, '', 4),
(1132, 6, 7, 'Frost armor', 'QBA141', 'QBA141.png', 1, 0, 0, 0, 0, '', 4),
(1133, 6, 4, 'Bat signal', 'QBA142', 'QBA142.png', 1, 0, 0, 0, 0, '', 4),
(1134, 6, 707, 'Ice container', 'QBA143', 'QBA143.png', 1, 0, 0, 0, 0, '', 4),
(1135, 6, 708, 'Hourglass bomb', 'QBA144', 'QBA144.png', 1, 0, 0, 0, 0, '', 4),
(1136, 6, 709, 'Collective reflection', 'QBA145', 'QBA145.png', 1, 0, 0, 0, 0, '', 4),
(1137, 6, 710, 'Taunt', 'QBA146', 'QBA146.png', 1, 0, 0, 0, 0, '', 4),
(1138, 6, 711, 'New enigma', 'QBA147', 'QBA147.png', 1, 0, 0, 0, 0, '', 4),
(1139, 6, 712, 'Friendly teammates', 'QBA148', 'QBA148.png', 1, 0, 0, 0, 0, '', 4),
(1140, 6, 713, 'Cooling down', 'QBA149', 'QBA149.png', 1, 0, 0, 0, 0, '', 4),
(1141, 6, 714, 'Smoke device', 'QBA150', 'QBA150.png', 1, 0, 0, 0, 0, '', 4),
(1142, 6, 715, 'A batman outfit', 'QBA151', 'QBA151.png', 1, 0, 0, 0, 0, '', 4),
(1143, 6, 716, 'Card trap', 'QBA152', 'QBA152.png', 1, 0, 0, 0, 0, '', 4),
(1144, 6, 717, 'Venomous robot', 'QBA153', 'QBA153.png', 2, 0, 0, 0, 0, '', 4),
(1145, 6, 718, 'Information system', 'QBA154', 'QBA154.png', 2, 0, 0, 0, 0, '', 4),
(1146, 6, 719, 'Acid pool', 'QBA155', 'QBA155.png', 2, 0, 0, 0, 0, '', 4),
(1147, 6, 720, 'The batcave', 'QBA156', 'QBA156.png', 2, 0, 0, 0, 0, '', 4),
(1148, 6, 721, 'Glass container', 'QBA157', 'QBA157.png', 2, 0, 0, 0, 0, '', 4),
(1149, 6, 722, 'Rocket roller skate', 'QBA158', 'QBA158.png', 2, 0, 0, 0, 0, '', 4),
(1150, 6, 723, 'Life support', 'QBA159', 'QBA159.png', 2, 0, 0, 0, 0, '', 4),
(1151, 6, 724, 'Batwave', 'QBA160', 'QBA160.png', 2, 0, 0, 0, 0, '', 4),
(1152, 6, 725, 'Break time', 'QBA161', 'QBA161.png', 0, 1, 0, 0, 0, '', 4),
(1153, 6, 726, 'Broken vial', 'QBA162', 'QBA162.png', 0, 1, 0, 0, 0, '', 4),
(1154, 6, 727, 'Killer toy', 'QBA163', 'QBA163.png', 0, 1, 0, 0, 0, '', 4),
(1155, 6, 728, 'Bionic arm', 'QBA164', 'QBA164.png', 0, 1, 0, 0, 0, '', 4),
(1156, 6, 729, 'Unable to lock', 'QBA165', 'QBA165.png', 0, 1, 0, 0, 0, '', 4),
(1157, 6, 730, 'Radioactive tanks', 'QBA166', 'QBA166.png', 0, 1, 0, 0, 0, '', 4),
(1158, 6, 731, 'Satellite Com', 'QBA167', 'QBA167.png', 0, 1, 0, 0, 0, '', 4),
(1159, 6, 732, 'Work meeting', 'QBA168', 'QBA168.png', 0, 1, 0, 0, 0, '', 4),
(1160, 6, 733, 'Girly Belt', 'QBA169', 'QBA169.png', 0, 2, 0, 0, 0, '', 4),
(1161, 6, 734, 'Flying ship', 'QBA170', 'QBA170.png', 0, 2, 0, 0, 0, '', 4),
(1162, 6, 735, 'Control Unit', 'QBA171', 'QBA171.png', 0, 2, 0, 0, 0, '', 4),
(1163, 6, 736, 'Fake opponent', 'QBA172', 'QBA172.png', 0, 2, 0, 0, 0, '', 4),
(1164, 6, 737, 'Back in time', 'QBA173', 'QBA173.png', 1, 1, 0, 0, 0, '', 4),
(1165, 6, 733, 'In depth analysis', 'QBA174', 'QBA174.png', 1, 1, 0, 0, 0, '', 4),
(1166, 6, 738, 'Kevlar herlmet', 'QBA175', 'QBA175.png', 1, 1, 0, 0, 0, '', 4),
(1167, 6, 739, 'Wierd contraption', 'QBA176', 'QBA176.png', 2, 1, 0, 0, 0, '', 4),
(1168, 6, 740, 'Joker''s kart', 'QBA177', 'QBA177.png', 2, 1, 0, 0, 0, '', 4),
(1169, 6, 741, 'Explosive collar', 'QBA178', 'QBA178.png', 0, 0, 1, 0, 0, '', 4),
(1170, 6, 742, 'Clown mask', 'QBA179', 'QBA179.png', 0, 0, 1, 0, 0, '', 4),
(1171, 6, 743, 'Bat tracer', 'QBA180', 'QBA180.png', 0, 0, 1, 0, 0, '', 4),
(1172, 6, 744, 'Madness in a vial', 'QBA181', 'QBA181.png', 0, 0, 1, 0, 0, '', 4),
(1173, 6, 740, 'Short circuit', 'QBA182', 'QBA182.png', 0, 0, 1, 0, 0, '', 4),
(1174, 6, 28, 'Flying disk', 'QBA183', 'QBA183.png', 0, 0, 1, 0, 0, '', 4),
(1175, 6, 745, 'Laser beam', 'QBA184', 'QBA184.png', 1, 0, 1, 0, 0, '', 4),
(1176, 6, 746, 'Full stuffed', 'QBA185', 'QBA185.png', 1, 0, 2, 0, 0, '', 4),
(1177, 6, 747, 'Incorporated tech', 'QBA186', 'QBA186.png', 0, 1, 1, 0, 0, '', 4),
(1178, 6, 748, 'Ice peak', 'QBA187', 'QBA187.png', 1, 1, 1, 0, 0, 'Mr freeze', 4);

-- --------------------------------------------------------

--
-- Structure de la table `quickstrike_cartedeck`
--

CREATE TABLE IF NOT EXISTS `quickstrike_cartedeck` (
  `id` int(11) NOT NULL AUTO_INCREMENT,
  `Carte_id` int(11) DEFAULT NULL,
  `Deck_id` int(11) DEFAULT NULL,
  PRIMARY KEY (`id`),
  KEY `IDX_9D2547430B1ACE0` (`Carte_id`),
  KEY `IDX_9D25474DEA47140` (`Deck_id`)
) ENGINE=InnoDB  DEFAULT CHARSET=utf8 COLLATE=utf8_unicode_ci AUTO_INCREMENT=253 ;

--
-- Contenu de la table `quickstrike_cartedeck`
--

INSERT INTO `quickstrike_cartedeck` (`id`, `Carte_id`, `Deck_id`) VALUES
(1, 1, 1),
(2, 124, 1),
(3, 124, 1),
(4, 124, 1),
(5, 124, 1),
(6, 127, 1),
(7, 127, 1),
(8, 127, 1),
(9, 127, 1),
(10, 148, 1),
(11, 148, 1),
(12, 148, 1),
(13, 148, 1),
(14, 154, 1),
(15, 154, 1),
(16, 154, 1),
(17, 154, 1),
(18, 235, 1),
(19, 235, 1),
(20, 149, 1),
(21, 149, 1),
(22, 220, 1),
(23, 220, 1),
(24, 220, 1),
(25, 220, 1),
(26, 204, 1),
(27, 204, 1),
(28, 204, 1),
(29, 204, 1),
(30, 211, 1),
(31, 211, 1),
(32, 199, 1),
(33, 199, 1),
(34, 199, 1),
(35, 199, 1),
(36, 239, 1),
(37, 239, 1),
(38, 239, 1),
(39, 239, 1),
(40, 200, 1),
(41, 200, 1),
(42, 200, 1),
(43, 200, 1),
(44, 255, 1),
(45, 255, 1),
(46, 255, 1),
(47, 255, 1),
(48, 256, 1),
(49, 256, 1),
(50, 256, 1),
(51, 256, 1),
(52, 153, 1),
(53, 153, 1),
(54, 153, 1),
(55, 153, 1),
(56, 122, 1),
(57, 122, 1),
(58, 122, 1),
(59, 122, 1),
(60, 139, 1),
(61, 139, 1),
(62, 83, 2),
(64, 237, 2),
(65, 237, 2),
(66, 237, 2),
(67, 248, 2),
(68, 248, 2),
(69, 248, 2),
(70, 882, 3),
(71, 869, 3),
(72, 869, 3),
(73, 869, 3),
(74, 869, 3),
(75, 992, 3),
(76, 992, 3),
(77, 992, 3),
(78, 992, 3),
(79, 993, 3),
(80, 993, 3),
(81, 993, 3),
(82, 993, 3),
(83, 1034, 3),
(84, 1034, 3),
(85, 1034, 3),
(86, 1034, 3),
(87, 1017, 3),
(88, 1017, 3),
(89, 1017, 3),
(90, 1017, 3),
(91, 1058, 3),
(92, 1058, 3),
(93, 1058, 3),
(94, 1058, 3),
(95, 1077, 3),
(96, 1077, 3),
(97, 1077, 3),
(98, 1077, 3),
(99, 166, 3),
(100, 166, 3),
(101, 166, 3),
(102, 166, 3),
(103, 190, 3),
(104, 190, 3),
(105, 190, 3),
(106, 190, 3),
(107, 196, 3),
(108, 196, 3),
(109, 196, 3),
(110, 196, 3),
(111, 619, 3),
(112, 619, 3),
(113, 619, 3),
(114, 619, 3),
(115, 251, 3),
(116, 251, 3),
(117, 251, 3),
(118, 251, 3),
(119, 323, 3),
(120, 323, 3),
(121, 618, 3),
(122, 1066, 3),
(123, 1062, 3),
(124, 624, 3),
(125, 624, 3),
(126, 624, 3),
(127, 624, 3),
(128, 623, 3),
(129, 623, 3),
(130, 623, 3),
(131, 83, 4),
(132, 248, 4),
(133, 248, 4),
(134, 248, 4),
(135, 248, 4),
(136, 237, 4),
(137, 237, 4),
(138, 237, 4),
(139, 237, 4),
(140, 127, 4),
(141, 127, 4),
(142, 127, 4),
(143, 127, 4),
(144, 124, 4),
(145, 124, 4),
(146, 124, 4),
(147, 124, 4),
(148, 235, 4),
(149, 235, 4),
(150, 235, 4),
(151, 235, 4),
(152, 148, 4),
(153, 148, 4),
(154, 261, 4),
(155, 261, 4),
(156, 261, 4),
(157, 261, 4),
(158, 256, 4),
(159, 256, 4),
(160, 256, 4),
(161, 256, 4),
(162, 200, 4),
(163, 200, 4),
(164, 200, 4),
(165, 200, 4),
(166, 255, 4),
(167, 255, 4),
(168, 255, 4),
(169, 255, 4),
(170, 122, 4),
(171, 122, 4),
(172, 122, 4),
(173, 122, 4),
(174, 199, 4),
(175, 199, 4),
(176, 199, 4),
(177, 199, 4),
(178, 239, 4),
(179, 239, 4),
(180, 239, 4),
(181, 239, 4),
(182, 153, 4),
(183, 153, 4),
(184, 153, 4),
(185, 153, 4),
(186, 129, 4),
(187, 129, 4),
(188, 129, 4),
(189, 129, 4),
(190, 176, 4),
(191, 176, 4),
(192, 898, 5),
(193, 1010, 5),
(194, 1010, 5),
(195, 1010, 5),
(196, 1010, 5),
(197, 994, 5),
(198, 994, 5),
(199, 994, 5),
(200, 994, 5),
(201, 1037, 5),
(202, 1037, 5),
(203, 1037, 5),
(204, 1037, 5),
(205, 1055, 5),
(206, 1055, 5),
(207, 1055, 5),
(208, 1055, 5),
(209, 997, 5),
(210, 997, 5),
(211, 997, 5),
(212, 997, 5),
(213, 1018, 5),
(214, 1018, 5),
(215, 1018, 5),
(216, 1018, 5),
(217, 1060, 5),
(218, 1060, 5),
(219, 1060, 5),
(220, 1060, 5),
(221, 1009, 5),
(222, 1009, 5),
(223, 1009, 5),
(224, 1009, 5),
(225, 1027, 5),
(226, 1027, 5),
(227, 1027, 5),
(228, 1027, 5),
(229, 1051, 5),
(230, 1051, 5),
(231, 1051, 5),
(232, 1051, 5),
(233, 126, 5),
(234, 126, 5),
(235, 126, 5),
(236, 126, 5),
(237, 137, 5),
(238, 137, 5),
(239, 137, 5),
(240, 137, 5),
(241, 1139, 5),
(242, 1139, 5),
(243, 1139, 5),
(244, 1139, 5),
(245, 1138, 5),
(246, 1138, 5),
(247, 1138, 5),
(248, 1138, 5),
(249, 1137, 5),
(250, 1137, 5),
(251, 1137, 5),
(252, 1137, 5);

-- --------------------------------------------------------

--
-- Structure de la table `quickstrike_cartepartie`
--

CREATE TABLE IF NOT EXISTS `quickstrike_cartepartie` (
  `id` int(11) NOT NULL AUTO_INCREMENT,
  `carte_id` int(11) DEFAULT NULL,
  `position` smallint(6) DEFAULT NULL,
  `numeroJoueur` smallint(6) NOT NULL,
  `emplacement` varchar(50) COLLATE utf8_unicode_ci NOT NULL,
  `Partie_id` int(11) DEFAULT NULL,
  PRIMARY KEY (`id`),
  KEY `IDX_7D7345F162847507` (`Partie_id`),
  KEY `IDX_7D7345F1C9C7CEB6` (`carte_id`)
) ENGINE=InnoDB  DEFAULT CHARSET=utf8 COLLATE=utf8_unicode_ci AUTO_INCREMENT=2718 ;

--
-- Contenu de la table `quickstrike_cartepartie`
--

INSERT INTO `quickstrike_cartepartie` (`id`, `carte_id`, `position`, `numeroJoueur`, `emplacement`, `Partie_id`) VALUES
(2594, 1, 0, 1, 'CHAMBER', 20),
(2595, 124, 14, 1, 'DISCARD', 20),
(2596, 124, 19, 1, 'DISCARD', 20),
(2597, 124, 3, 1, 'ENERGIE_JAUNE', 20),
(2598, 124, 1, 1, 'AVANTAGE', 20),
(2599, 127, 48, 1, 'DECK', 20),
(2600, 127, 46, 1, 'DECK', 20),
(2601, 127, 39, 1, 'DECK', 20),
(2602, 127, 56, 1, 'DECK', 20),
(2603, 148, 12, 1, 'DISCARD', 20),
(2604, 148, 54, 1, 'DECK', 20),
(2605, 148, 1, 1, 'DISCARD', 20),
(2606, 148, 53, 1, 'DECK', 20),
(2607, 154, 60, 1, 'DECK', 20),
(2608, 154, 13, 1, 'DISCARD', 20),
(2609, 154, 10, 1, 'DISCARD', 20),
(2610, 154, 8, 1, 'DISCARD', 20),
(2611, 235, 4, 1, 'DISCARD', 20),
(2612, 235, 17, 1, 'DISCARD', 20),
(2613, 149, 45, 1, 'DECK', 20),
(2614, 149, 2, 1, 'DISCARD', 20),
(2615, 220, 51, 1, 'DECK', 20),
(2616, 220, 38, 1, 'DECK', 20),
(2617, 220, 1, 1, 'TEAMWORK_JAUNE', 20),
(2618, 220, 31, 1, 'DECK', 20),
(2619, 204, 50, 1, 'DECK', 20),
(2620, 204, 15, 1, 'DISCARD', 20),
(2621, 204, 1, 1, 'TEAMWORK_ROUGE', 20),
(2622, 204, 20, 1, 'DISCARD', 20),
(2623, 211, 30, 1, 'DECK', 20),
(2624, 211, 43, 1, 'DECK', 20),
(2625, 199, 42, 1, 'DECK', 20),
(2626, 199, 9, 1, 'DISCARD', 20),
(2627, 199, 33, 1, 'DECK', 20),
(2628, 199, 11, 1, 'DISCARD', 20),
(2629, 239, 44, 1, 'DECK', 20),
(2630, 239, 32, 1, 'DECK', 20),
(2631, 239, 7, 1, 'DISCARD', 20),
(2632, 239, 55, 1, 'DECK', 20),
(2633, 200, 5, 1, 'DISCARD', 20),
(2634, 200, 34, 1, 'DECK', 20),
(2635, 200, 58, 1, 'DECK', 20),
(2636, 200, 1, 1, 'ENERGIE_ROUGE', 20),
(2637, 255, 21, 1, 'DISCARD', 20),
(2638, 255, 18, 1, 'DISCARD', 20),
(2639, 255, 59, 1, 'DECK', 20),
(2640, 255, 40, 1, 'DECK', 20),
(2641, 256, 6, 1, 'DISCARD', 20),
(2642, 256, 28, 1, 'DECK', 20),
(2643, 256, 3, 1, 'DISCARD', 20),
(2644, 256, 1, 1, 'STRIKE_VERT', 20),
(2645, 153, 57, 1, 'DECK', 20),
(2646, 153, 37, 1, 'DECK', 20),
(2647, 153, 47, 1, 'DECK', 20),
(2648, 153, 52, 1, 'DECK', 20),
(2649, 122, 16, 1, 'DISCARD', 20),
(2650, 122, 36, 1, 'DECK', 20),
(2651, 122, 49, 1, 'DECK', 20),
(2652, 122, 35, 1, 'DECK', 20),
(2653, 139, 41, 1, 'DECK', 20),
(2654, 139, 29, 1, 'DECK', 20),
(2655, 262, 1, 1, 'OPENING', 20),
(2656, 1, 0, 2, 'CHAMBER', 20),
(2657, 124, 58, 2, 'DECK', 20),
(2658, 124, 36, 2, 'DECK', 20),
(2659, 124, 3, 2, 'ENERGIE_VERTE', 20),
(2660, 124, 33, 2, 'DECK', 20),
(2661, 127, 48, 2, 'DECK', 20),
(2662, 127, 34, 2, 'DECK', 20),
(2663, 127, 60, 2, 'DECK', 20),
(2664, 127, 59, 2, 'DECK', 20),
(2665, 148, 43, 2, 'DECK', 20),
(2666, 148, 39, 2, 'DECK', 20),
(2667, 148, 46, 2, 'DECK', 20),
(2668, 148, 12, 2, 'DISCARD', 20),
(2669, 154, 35, 2, 'DECK', 20),
(2670, 154, 50, 2, 'DECK', 20),
(2671, 154, 19, 2, 'DISCARD', 20),
(2672, 154, 42, 2, 'DECK', 20),
(2673, 235, 3, 2, 'DISCARD', 20),
(2674, 235, 37, 2, 'DECK', 20),
(2675, 149, 20, 2, 'DISCARD', 20),
(2676, 149, 40, 2, 'DECK', 20),
(2677, 220, 1, 2, 'TEAMWORK_JAUNE', 20),
(2678, 220, 45, 2, 'DECK', 20),
(2679, 220, 15, 2, 'DISCARD', 20),
(2680, 220, 32, 2, 'DECK', 20),
(2681, 204, 6, 2, 'DISCARD', 20),
(2682, 204, 1, 2, 'TEAMWORK_ROUGE', 20),
(2683, 204, 49, 2, 'DECK', 20),
(2684, 204, 52, 2, 'DECK', 20),
(2685, 211, 5, 2, 'ENERGIE_ROUGE', 20),
(2686, 211, 51, 2, 'DECK', 20),
(2687, 199, 44, 2, 'DECK', 20),
(2688, 199, 47, 2, 'DECK', 20),
(2689, 199, 21, 2, 'DISCARD', 20),
(2690, 199, 56, 2, 'DECK', 20),
(2691, 239, 38, 2, 'DECK', 20),
(2692, 239, 14, 2, 'DISCARD', 20),
(2693, 239, 9, 2, 'DISCARD', 20),
(2694, 239, 10, 2, 'DISCARD', 20),
(2695, 200, 54, 2, 'DECK', 20),
(2696, 200, 5, 2, 'DISCARD', 20),
(2697, 200, 53, 2, 'DECK', 20),
(2698, 200, 17, 2, 'DISCARD', 20),
(2699, 255, 13, 2, 'DISCARD', 20),
(2700, 255, 55, 2, 'DECK', 20),
(2701, 255, 2, 2, 'ENERGIE_ROUGE', 20),
(2702, 255, 4, 2, 'ENERGIE_ROUGE', 20),
(2703, 256, 57, 2, 'DECK', 20),
(2704, 256, 29, 2, 'DECK', 20),
(2705, 256, 41, 2, 'DECK', 20),
(2706, 256, 4, 2, 'DISCARD', 20),
(2707, 153, 8, 2, 'DISCARD', 20),
(2708, 153, 11, 2, 'DISCARD', 20),
(2709, 153, 16, 2, 'DISCARD', 20),
(2710, 153, 7, 2, 'DISCARD', 20),
(2711, 122, 31, 2, 'DECK', 20),
(2712, 122, 2, 2, 'DISCARD', 20),
(2713, 122, 18, 2, 'DISCARD', 20),
(2714, 122, 30, 2, 'DECK', 20),
(2715, 139, 2, 2, 'ENERGIE_VERTE', 20),
(2716, 139, 3, 2, 'ENERGIE_ROUGE', 20),
(2717, 262, 1, 2, 'OPENING', 20);

-- --------------------------------------------------------

--
-- Structure de la table `quickstrike_carte_traitcarte`
--

CREATE TABLE IF NOT EXISTS `quickstrike_carte_traitcarte` (
  `carte_id` int(11) NOT NULL,
  `traitcarte_id` int(11) NOT NULL,
  PRIMARY KEY (`carte_id`,`traitcarte_id`),
  KEY `IDX_875E2061C9C7CEB6` (`carte_id`),
  KEY `IDX_875E20614AAABF` (`traitcarte_id`)
) ENGINE=InnoDB DEFAULT CHARSET=utf8 COLLATE=utf8_unicode_ci;

--
-- Contenu de la table `quickstrike_carte_traitcarte`
--

INSERT INTO `quickstrike_carte_traitcarte` (`carte_id`, `traitcarte_id`) VALUES
(1, 2),
(1, 7),
(1, 19),
(2, 2),
(2, 7),
(2, 19),
(3, 2),
(3, 7),
(3, 19),
(4, 2),
(4, 7),
(4, 19),
(5, 2),
(5, 7),
(5, 19),
(6, 2),
(6, 7),
(6, 19),
(7, 2),
(7, 7),
(7, 19),
(8, 2),
(8, 7),
(8, 19),
(9, 2),
(9, 7),
(9, 19),
(10, 2),
(10, 7),
(10, 19),
(11, 2),
(11, 7),
(11, 19),
(12, 2),
(12, 7),
(12, 19),
(13, 4),
(13, 13),
(13, 19),
(14, 4),
(14, 13),
(14, 19),
(15, 4),
(15, 13),
(15, 19),
(16, 4),
(16, 13),
(16, 19),
(17, 4),
(17, 13),
(17, 19),
(18, 4),
(18, 13),
(18, 19),
(19, 4),
(19, 13),
(19, 19),
(20, 4),
(20, 13),
(20, 19),
(21, 4),
(21, 13),
(21, 19),
(22, 4),
(22, 13),
(22, 19),
(23, 4),
(23, 13),
(23, 19),
(24, 4),
(24, 13),
(24, 19),
(25, 2),
(25, 13),
(25, 18),
(26, 2),
(26, 13),
(26, 18),
(27, 2),
(27, 13),
(27, 18),
(28, 2),
(28, 13),
(28, 18),
(29, 2),
(29, 13),
(29, 18),
(30, 2),
(30, 13),
(30, 18),
(31, 2),
(31, 13),
(31, 18),
(32, 2),
(32, 13),
(32, 18),
(33, 2),
(33, 13),
(33, 18),
(34, 2),
(34, 13),
(34, 18),
(35, 2),
(35, 13),
(35, 18),
(36, 2),
(36, 13),
(36, 18),
(37, 3),
(37, 7),
(37, 18),
(38, 3),
(38, 7),
(38, 18),
(39, 3),
(39, 7),
(39, 18),
(40, 3),
(40, 7),
(40, 18),
(41, 3),
(41, 7),
(41, 18),
(42, 3),
(42, 7),
(42, 18),
(43, 3),
(43, 7),
(43, 18),
(44, 3),
(44, 7),
(44, 18),
(45, 3),
(45, 7),
(45, 18),
(46, 3),
(46, 7),
(46, 18),
(47, 3),
(47, 7),
(47, 18),
(48, 3),
(48, 7),
(48, 18),
(49, 3),
(49, 12),
(49, 17),
(50, 3),
(50, 12),
(50, 17),
(51, 3),
(51, 12),
(51, 17),
(52, 3),
(52, 12),
(52, 17),
(53, 3),
(53, 12),
(53, 17),
(54, 3),
(54, 12),
(54, 17),
(55, 3),
(55, 12),
(55, 17),
(56, 3),
(56, 12),
(56, 17),
(57, 3),
(57, 12),
(57, 17),
(58, 3),
(58, 12),
(58, 17),
(59, 3),
(59, 12),
(59, 17),
(60, 3),
(60, 12),
(60, 17),
(61, 3),
(61, 12),
(61, 19),
(62, 3),
(62, 12),
(62, 19),
(63, 3),
(63, 12),
(63, 19),
(64, 3),
(64, 12),
(64, 19),
(65, 3),
(65, 12),
(65, 19),
(66, 3),
(66, 12),
(66, 19),
(67, 3),
(67, 12),
(67, 19),
(68, 3),
(68, 12),
(68, 19),
(69, 3),
(69, 12),
(69, 19),
(70, 3),
(70, 12),
(70, 19),
(71, 3),
(71, 12),
(71, 19),
(72, 3),
(72, 12),
(72, 19),
(73, 2),
(73, 7),
(73, 17),
(74, 2),
(74, 7),
(74, 17),
(75, 2),
(75, 7),
(75, 17),
(76, 2),
(76, 7),
(76, 17),
(77, 2),
(77, 7),
(77, 17),
(78, 2),
(78, 7),
(78, 17),
(79, 2),
(79, 7),
(79, 17),
(80, 2),
(80, 7),
(80, 17),
(81, 2),
(81, 7),
(81, 17),
(82, 2),
(82, 7),
(82, 17),
(83, 2),
(83, 7),
(83, 17),
(84, 2),
(84, 7),
(84, 17),
(85, 4),
(85, 12),
(85, 18),
(86, 4),
(86, 12),
(86, 18),
(87, 4),
(87, 12),
(87, 18),
(88, 4),
(88, 12),
(88, 18),
(89, 4),
(89, 12),
(89, 18),
(90, 4),
(90, 12),
(90, 18),
(91, 4),
(91, 12),
(91, 18),
(92, 4),
(92, 12),
(92, 18),
(93, 4),
(93, 12),
(93, 18),
(94, 4),
(94, 12),
(94, 18),
(95, 4),
(95, 12),
(95, 18),
(96, 4),
(96, 12),
(96, 18),
(97, 4),
(97, 7),
(97, 18),
(98, 4),
(98, 7),
(98, 18),
(99, 4),
(99, 7),
(99, 18),
(100, 4),
(100, 7),
(100, 18),
(101, 4),
(101, 7),
(101, 18),
(102, 4),
(102, 7),
(102, 18),
(103, 4),
(103, 7),
(103, 18),
(104, 4),
(104, 7),
(104, 18),
(105, 4),
(105, 7),
(105, 18),
(106, 4),
(106, 7),
(106, 18),
(107, 4),
(107, 7),
(107, 18),
(108, 4),
(108, 7),
(108, 18),
(109, 4),
(109, 13),
(109, 17),
(110, 4),
(110, 13),
(110, 17),
(111, 4),
(111, 13),
(111, 17),
(112, 4),
(112, 13),
(112, 17),
(113, 4),
(113, 13),
(113, 17),
(114, 4),
(114, 13),
(114, 17),
(115, 4),
(115, 13),
(115, 17),
(116, 4),
(116, 13),
(116, 17),
(117, 4),
(117, 13),
(117, 17),
(118, 4),
(118, 13),
(118, 17),
(119, 4),
(119, 13),
(119, 17),
(120, 4),
(120, 13),
(120, 17),
(121, 1),
(122, 1),
(123, 7),
(124, 2),
(125, 3),
(126, 4),
(127, 2),
(128, 3),
(129, 1),
(130, 1),
(131, 3),
(132, 1),
(133, 1),
(134, 19),
(135, 19),
(136, 1),
(137, 4),
(138, 1),
(139, 1),
(140, 7),
(141, 18),
(142, 3),
(143, 1),
(144, 1),
(145, 19),
(146, 17),
(147, 1),
(148, 2),
(149, 2),
(150, 1),
(151, 3),
(152, 13),
(153, 7),
(154, 2),
(155, 13),
(156, 1),
(157, 13),
(158, 1),
(159, 13),
(160, 1),
(161, 12),
(162, 4),
(163, 7),
(164, 12),
(165, 7),
(166, 13),
(167, 1),
(168, 1),
(169, 4),
(170, 17),
(171, 7),
(172, 17),
(173, 4),
(174, 13),
(175, 4),
(176, 1),
(177, 13),
(178, 12),
(179, 7),
(180, 1),
(181, 1),
(182, 1),
(183, 13),
(184, 1),
(185, 13),
(186, 1),
(187, 2),
(188, 2),
(189, 12),
(190, 13),
(191, 1),
(192, 1),
(193, 1),
(194, 1),
(195, 3),
(196, 13),
(197, 12),
(198, 1),
(199, 1),
(200, 7),
(201, 12),
(202, 1),
(203, 1),
(204, 19),
(205, 12),
(206, 18),
(207, 3),
(208, 1),
(209, 13),
(210, 4),
(211, 19),
(212, 18),
(213, 1),
(214, 1),
(215, 2),
(216, 1),
(217, 13),
(218, 1),
(219, 18),
(220, 19),
(221, 18),
(222, 1),
(223, 18),
(224, 7),
(225, 12),
(226, 12),
(227, 12),
(228, 17),
(229, 1),
(230, 7),
(231, 12),
(232, 3),
(233, 7),
(234, 1),
(235, 1),
(236, 4),
(237, 17),
(238, 1),
(239, 1),
(240, 13),
(241, 7),
(242, 7),
(243, 7),
(244, 12),
(245, 12),
(246, 12),
(247, 1),
(248, 17),
(249, 7),
(250, 1),
(251, 13),
(252, 1),
(253, 7),
(254, 4),
(255, 7),
(256, 7),
(257, 2),
(258, 12),
(259, 1),
(260, 13),
(261, 1),
(262, 1),
(263, 18),
(264, 17),
(265, 4),
(266, 2),
(267, 5),
(268, 11),
(269, 15),
(270, 9),
(271, 7),
(272, 7),
(273, 7),
(274, 7),
(275, 7),
(276, 7),
(277, 7),
(278, 7),
(279, 7),
(280, 7),
(281, 7),
(282, 7),
(283, 7),
(284, 7),
(285, 7),
(286, 7),
(287, 7),
(288, 7),
(289, 7),
(290, 7),
(291, 12),
(292, 12),
(293, 12),
(294, 12),
(295, 12),
(296, 12),
(297, 12),
(298, 12),
(299, 12),
(300, 12),
(301, 12),
(302, 12),
(303, 12),
(304, 12),
(305, 12),
(306, 12),
(307, 12),
(308, 12),
(309, 12),
(310, 12),
(311, 13),
(312, 13),
(313, 13),
(314, 13),
(315, 13),
(316, 13),
(317, 13),
(318, 13),
(319, 13),
(320, 13),
(321, 13),
(322, 13),
(323, 13),
(324, 13),
(325, 13),
(326, 13),
(327, 13),
(328, 13),
(329, 13),
(330, 13),
(331, 1),
(332, 1),
(333, 1),
(334, 1),
(335, 1),
(336, 1),
(337, 1),
(338, 1),
(339, 1),
(340, 1),
(341, 1),
(342, 1),
(343, 1),
(344, 1),
(345, 1),
(346, 1),
(347, 1),
(348, 1),
(349, 1),
(350, 1),
(351, 2),
(352, 2),
(353, 2),
(354, 2),
(355, 2),
(356, 2),
(357, 2),
(358, 2),
(359, 2),
(360, 2),
(361, 3),
(362, 3),
(363, 3),
(364, 3),
(365, 3),
(366, 3),
(367, 3),
(368, 3),
(369, 3),
(370, 3),
(371, 4),
(372, 4),
(373, 4),
(374, 4),
(375, 4),
(376, 4),
(377, 4),
(378, 4),
(379, 4),
(380, 4),
(381, 1),
(382, 1),
(383, 1),
(384, 1),
(385, 1),
(386, 1),
(387, 1),
(388, 1),
(389, 18),
(390, 18),
(391, 18),
(392, 18),
(393, 18),
(394, 18),
(395, 19),
(396, 19),
(397, 19),
(398, 19),
(399, 19),
(400, 19),
(401, 17),
(402, 17),
(403, 17),
(404, 17),
(405, 17),
(406, 17),
(407, 1),
(408, 1),
(409, 1),
(410, 1),
(411, 1),
(412, 5),
(413, 5),
(414, 5),
(415, 5),
(416, 5),
(417, 5),
(418, 10),
(419, 10),
(420, 10),
(421, 10),
(422, 10),
(423, 10),
(424, 11),
(425, 11),
(426, 11),
(427, 11),
(428, 11),
(429, 11),
(430, 16),
(431, 16),
(432, 16),
(433, 16),
(434, 16),
(435, 16),
(436, 1),
(437, 1),
(438, 1),
(439, 1),
(440, 1),
(441, 1),
(442, 1),
(443, 1),
(444, 1),
(445, 1),
(446, 4),
(446, 5),
(446, 12),
(446, 18),
(447, 4),
(447, 5),
(447, 12),
(447, 18),
(448, 4),
(448, 5),
(448, 12),
(448, 18),
(449, 4),
(449, 5),
(449, 12),
(449, 18),
(450, 4),
(450, 5),
(450, 12),
(450, 18),
(451, 4),
(451, 5),
(451, 12),
(451, 18),
(452, 4),
(452, 5),
(452, 12),
(452, 18),
(453, 4),
(453, 5),
(453, 12),
(453, 18),
(454, 4),
(454, 5),
(454, 12),
(454, 18),
(455, 4),
(455, 5),
(455, 12),
(455, 18),
(456, 4),
(456, 5),
(456, 12),
(456, 18),
(457, 4),
(457, 5),
(457, 12),
(457, 18),
(458, 3),
(458, 13),
(458, 16),
(458, 18),
(459, 3),
(459, 13),
(459, 16),
(459, 18),
(460, 3),
(460, 13),
(460, 16),
(460, 18),
(461, 3),
(461, 13),
(461, 16),
(461, 18),
(462, 3),
(462, 13),
(462, 16),
(462, 18),
(463, 3),
(463, 13),
(463, 16),
(463, 18),
(464, 3),
(464, 13),
(464, 16),
(464, 18),
(465, 3),
(465, 13),
(465, 16),
(465, 18),
(466, 3),
(466, 13),
(466, 16),
(466, 18),
(467, 3),
(467, 13),
(467, 16),
(467, 18),
(468, 3),
(468, 13),
(468, 16),
(468, 18),
(469, 3),
(469, 13),
(469, 16),
(469, 18),
(470, 2),
(470, 7),
(470, 10),
(470, 18),
(471, 2),
(471, 7),
(471, 10),
(471, 18),
(472, 2),
(472, 7),
(472, 10),
(472, 18),
(473, 2),
(473, 7),
(473, 10),
(473, 18),
(474, 2),
(474, 7),
(474, 10),
(474, 18),
(475, 2),
(475, 7),
(475, 10),
(475, 18),
(476, 2),
(476, 7),
(476, 10),
(476, 18),
(477, 2),
(477, 7),
(477, 10),
(477, 18),
(478, 2),
(478, 7),
(478, 10),
(478, 18),
(479, 2),
(479, 7),
(479, 10),
(479, 18),
(480, 2),
(480, 7),
(480, 10),
(480, 18),
(481, 2),
(481, 7),
(481, 10),
(481, 18),
(482, 4),
(482, 10),
(482, 12),
(482, 19),
(483, 4),
(483, 10),
(483, 12),
(483, 19),
(484, 4),
(484, 10),
(484, 12),
(484, 19),
(485, 4),
(485, 10),
(485, 12),
(485, 19),
(486, 4),
(486, 10),
(486, 12),
(486, 19),
(487, 4),
(487, 10),
(487, 12),
(487, 19),
(488, 4),
(488, 10),
(488, 12),
(488, 19),
(489, 4),
(489, 10),
(489, 12),
(489, 19),
(490, 4),
(490, 10),
(490, 12),
(490, 19),
(491, 4),
(491, 10),
(491, 12),
(491, 19),
(492, 4),
(492, 10),
(492, 12),
(492, 19),
(493, 4),
(493, 10),
(493, 12),
(493, 19),
(494, 2),
(494, 5),
(494, 13),
(494, 19),
(495, 2),
(495, 5),
(495, 13),
(495, 19),
(496, 2),
(496, 5),
(496, 13),
(496, 19),
(497, 2),
(497, 5),
(497, 13),
(497, 19),
(498, 2),
(498, 5),
(498, 13),
(498, 19),
(499, 2),
(499, 5),
(499, 13),
(499, 19),
(500, 2),
(500, 5),
(500, 13),
(500, 19),
(501, 2),
(501, 5),
(501, 13),
(501, 19),
(502, 2),
(502, 5),
(502, 13),
(502, 19),
(503, 2),
(503, 5),
(503, 13),
(503, 19),
(504, 2),
(504, 5),
(504, 13),
(504, 19),
(505, 2),
(505, 5),
(505, 13),
(505, 19),
(506, 4),
(506, 7),
(506, 11),
(506, 19),
(507, 4),
(507, 7),
(507, 11),
(507, 19),
(508, 4),
(508, 7),
(508, 11),
(508, 19),
(509, 4),
(509, 7),
(509, 11),
(509, 19),
(510, 4),
(510, 7),
(510, 11),
(510, 19),
(511, 4),
(511, 7),
(511, 11),
(511, 19),
(512, 4),
(512, 7),
(512, 11),
(512, 19),
(513, 4),
(513, 7),
(513, 11),
(513, 19),
(514, 4),
(514, 7),
(514, 11),
(514, 19),
(515, 4),
(515, 7),
(515, 11),
(515, 19),
(516, 4),
(516, 7),
(516, 11),
(516, 19),
(517, 4),
(517, 7),
(517, 11),
(517, 19),
(518, 3),
(518, 11),
(518, 12),
(518, 19),
(519, 3),
(519, 11),
(519, 12),
(519, 19),
(520, 3),
(520, 11),
(520, 12),
(520, 19),
(521, 3),
(521, 11),
(521, 12),
(521, 19),
(522, 3),
(522, 11),
(522, 12),
(522, 19),
(523, 3),
(523, 11),
(523, 12),
(523, 19),
(524, 3),
(524, 11),
(524, 12),
(524, 19),
(525, 3),
(525, 11),
(525, 12),
(525, 19),
(526, 3),
(526, 11),
(526, 12),
(526, 19),
(527, 3),
(527, 11),
(527, 12),
(527, 19),
(528, 3),
(528, 11),
(528, 12),
(528, 19),
(529, 3),
(529, 11),
(529, 12),
(529, 19),
(530, 4),
(530, 5),
(530, 13),
(530, 17),
(531, 4),
(531, 5),
(531, 13),
(531, 17),
(532, 4),
(532, 5),
(532, 13),
(532, 17),
(533, 4),
(533, 5),
(533, 13),
(533, 17),
(534, 4),
(534, 5),
(534, 13),
(534, 17),
(535, 4),
(535, 5),
(535, 13),
(535, 17),
(536, 4),
(536, 5),
(536, 13),
(536, 17),
(537, 4),
(537, 5),
(537, 13),
(537, 17),
(538, 4),
(538, 5),
(538, 13),
(538, 17),
(539, 4),
(539, 5),
(539, 13),
(539, 17),
(540, 4),
(540, 5),
(540, 13),
(540, 17),
(541, 4),
(541, 5),
(541, 13),
(541, 17),
(542, 3),
(542, 7),
(542, 11),
(542, 17),
(543, 3),
(543, 7),
(543, 11),
(543, 17),
(544, 3),
(544, 7),
(544, 11),
(544, 17),
(545, 3),
(545, 7),
(545, 11),
(545, 17),
(546, 3),
(546, 7),
(546, 11),
(546, 17),
(547, 3),
(547, 7),
(547, 11),
(547, 17),
(548, 3),
(548, 7),
(548, 11),
(548, 17),
(549, 3),
(549, 7),
(549, 11),
(549, 17),
(550, 3),
(550, 7),
(550, 11),
(550, 17),
(551, 3),
(551, 7),
(551, 11),
(551, 17),
(552, 3),
(552, 7),
(552, 11),
(552, 17),
(553, 3),
(553, 7),
(553, 11),
(553, 17),
(554, 2),
(554, 12),
(554, 16),
(554, 17),
(555, 2),
(555, 12),
(555, 16),
(555, 17),
(556, 2),
(556, 12),
(556, 16),
(556, 17),
(557, 2),
(557, 12),
(557, 16),
(557, 17),
(558, 2),
(558, 12),
(558, 16),
(558, 17),
(559, 2),
(559, 12),
(559, 16),
(559, 17),
(560, 2),
(560, 12),
(560, 16),
(560, 17),
(561, 2),
(561, 12),
(561, 16),
(561, 17),
(562, 2),
(562, 12),
(562, 16),
(562, 17),
(563, 2),
(563, 12),
(563, 16),
(563, 17),
(564, 2),
(564, 12),
(564, 16),
(564, 17),
(565, 2),
(565, 12),
(565, 16),
(565, 17),
(566, 1),
(567, 1),
(568, 4),
(568, 5),
(568, 12),
(568, 18),
(569, 4),
(569, 5),
(569, 12),
(569, 18),
(570, 4),
(570, 7),
(570, 11),
(570, 19),
(571, 4),
(571, 7),
(571, 11),
(571, 19),
(572, 4),
(572, 12),
(572, 16),
(572, 18),
(573, 4),
(573, 12),
(573, 16),
(573, 18),
(574, 7),
(575, 7),
(576, 7),
(577, 7),
(578, 7),
(579, 7),
(580, 7),
(581, 7),
(582, 7),
(583, 7),
(584, 7),
(585, 7),
(586, 7),
(587, 7),
(588, 7),
(589, 7),
(590, 7),
(591, 7),
(592, 12),
(593, 12),
(594, 12),
(595, 12),
(596, 12),
(597, 12),
(598, 12),
(599, 12),
(600, 12),
(601, 12),
(602, 12),
(603, 12),
(604, 12),
(605, 12),
(606, 12),
(607, 12),
(608, 12),
(609, 12),
(610, 12),
(611, 13),
(612, 13),
(613, 13),
(614, 13),
(615, 13),
(616, 13),
(617, 13),
(618, 13),
(619, 13),
(620, 13),
(621, 13),
(622, 13),
(623, 13),
(624, 13),
(625, 13),
(626, 13),
(627, 13),
(628, 13),
(629, 13),
(630, 13),
(631, 1),
(632, 1),
(633, 1),
(634, 1),
(635, 1),
(636, 1),
(637, 1),
(638, 1),
(639, 1),
(640, 1),
(641, 1),
(642, 1),
(643, 1),
(644, 1),
(645, 1),
(646, 1),
(647, 1),
(648, 1),
(649, 1),
(650, 1),
(651, 2),
(652, 2),
(653, 2),
(654, 2),
(655, 2),
(656, 2),
(657, 2),
(658, 2),
(659, 2),
(660, 2),
(661, 3),
(662, 3),
(663, 3),
(664, 3),
(665, 3),
(666, 3),
(667, 3),
(668, 3),
(669, 3),
(670, 3),
(671, 4),
(672, 4),
(673, 4),
(674, 4),
(675, 4),
(676, 4),
(677, 4),
(678, 4),
(679, 4),
(680, 4),
(681, 1),
(682, 1),
(683, 1),
(684, 1),
(685, 1),
(686, 1),
(687, 1),
(688, 1),
(689, 1),
(690, 18),
(691, 18),
(692, 18),
(693, 18),
(694, 18),
(695, 18),
(696, 18),
(697, 19),
(698, 19),
(699, 19),
(700, 19),
(701, 19),
(702, 19),
(703, 19),
(704, 17),
(705, 17),
(706, 17),
(707, 17),
(708, 17),
(709, 17),
(710, 17),
(711, 1),
(712, 1),
(713, 1),
(714, 1),
(715, 6),
(716, 6),
(717, 6),
(718, 6),
(719, 6),
(720, 6),
(721, 6),
(722, 14),
(723, 14),
(724, 14),
(725, 14),
(726, 14),
(727, 14),
(728, 14),
(729, 8),
(730, 8),
(731, 8),
(732, 8),
(733, 8),
(734, 8),
(735, 8),
(736, 1),
(737, 1),
(738, 1),
(739, 1),
(740, 1),
(741, 1),
(742, 1),
(743, 1),
(744, 1),
(745, 1),
(746, 3),
(746, 6),
(746, 13),
(746, 17),
(747, 3),
(747, 6),
(747, 13),
(747, 17),
(748, 3),
(748, 6),
(748, 13),
(748, 17),
(749, 3),
(749, 6),
(749, 13),
(749, 17),
(750, 3),
(750, 6),
(750, 13),
(750, 17),
(751, 3),
(751, 6),
(751, 13),
(751, 17),
(752, 3),
(752, 6),
(752, 13),
(752, 17),
(753, 3),
(753, 6),
(753, 13),
(753, 17),
(754, 3),
(754, 6),
(754, 13),
(754, 17),
(755, 3),
(755, 6),
(755, 13),
(755, 17),
(756, 3),
(756, 6),
(756, 13),
(756, 17),
(757, 3),
(757, 6),
(757, 13),
(757, 17),
(758, 4),
(758, 8),
(758, 13),
(758, 18),
(759, 4),
(759, 8),
(759, 13),
(759, 18),
(760, 4),
(760, 8),
(760, 13),
(760, 18),
(761, 4),
(761, 8),
(761, 13),
(761, 18),
(762, 4),
(762, 8),
(762, 13),
(762, 18),
(763, 4),
(763, 8),
(763, 13),
(763, 18),
(764, 4),
(764, 8),
(764, 13),
(764, 18),
(765, 4),
(765, 8),
(765, 13),
(765, 18),
(766, 4),
(766, 8),
(766, 13),
(766, 18),
(767, 4),
(767, 8),
(767, 13),
(767, 18),
(768, 4),
(768, 8),
(768, 13),
(768, 18),
(769, 4),
(769, 8),
(769, 13),
(769, 18),
(770, 4),
(770, 7),
(770, 8),
(770, 17),
(771, 4),
(771, 7),
(771, 8),
(771, 17),
(772, 4),
(772, 7),
(772, 8),
(772, 17),
(773, 4),
(773, 7),
(773, 8),
(773, 17),
(774, 4),
(774, 7),
(774, 8),
(774, 17),
(775, 4),
(775, 7),
(775, 8),
(775, 17),
(776, 4),
(776, 7),
(776, 8),
(776, 17),
(777, 4),
(777, 7),
(777, 8),
(777, 17),
(778, 4),
(778, 7),
(778, 8),
(778, 17),
(779, 4),
(779, 7),
(779, 8),
(779, 17),
(780, 4),
(780, 7),
(780, 8),
(780, 17),
(781, 4),
(781, 7),
(781, 8),
(781, 17),
(782, 3),
(782, 7),
(782, 8),
(782, 19),
(783, 3),
(783, 7),
(783, 8),
(783, 19),
(784, 3),
(784, 7),
(784, 8),
(784, 19),
(785, 3),
(785, 7),
(785, 8),
(785, 19),
(786, 3),
(786, 7),
(786, 8),
(786, 19),
(787, 3),
(787, 7),
(787, 8),
(787, 19),
(788, 3),
(788, 7),
(788, 8),
(788, 19),
(789, 3),
(789, 7),
(789, 8),
(789, 19),
(790, 3),
(790, 7),
(790, 8),
(790, 19),
(791, 3),
(791, 7),
(791, 8),
(791, 19),
(792, 3),
(792, 7),
(792, 8),
(792, 19),
(793, 3),
(793, 7),
(793, 8),
(793, 19),
(794, 2),
(794, 7),
(794, 14),
(794, 17),
(795, 2),
(795, 7),
(795, 14),
(795, 17),
(796, 2),
(796, 7),
(796, 14),
(796, 17),
(797, 2),
(797, 7),
(797, 14),
(797, 17),
(798, 2),
(798, 7),
(798, 14),
(798, 17),
(799, 2),
(799, 7),
(799, 14),
(799, 17),
(800, 2),
(800, 7),
(800, 14),
(800, 17),
(801, 2),
(801, 7),
(801, 14),
(801, 17),
(802, 2),
(802, 7),
(802, 14),
(802, 17),
(803, 2),
(803, 7),
(803, 14),
(803, 17),
(804, 2),
(804, 7),
(804, 14),
(804, 17),
(805, 2),
(805, 7),
(805, 14),
(805, 17),
(806, 4),
(806, 6),
(806, 12),
(806, 19),
(807, 4),
(807, 6),
(807, 12),
(807, 19),
(808, 4),
(808, 6),
(808, 12),
(808, 19),
(809, 4),
(809, 6),
(809, 12),
(809, 19),
(810, 4),
(810, 6),
(810, 12),
(810, 19),
(811, 4),
(811, 6),
(811, 12),
(811, 19),
(812, 4),
(812, 6),
(812, 12),
(812, 19),
(813, 4),
(813, 6),
(813, 12),
(813, 19),
(814, 4),
(814, 6),
(814, 12),
(814, 19),
(815, 4),
(815, 6),
(815, 12),
(815, 19),
(816, 4),
(816, 6),
(816, 12),
(816, 19),
(817, 4),
(817, 6),
(817, 12),
(817, 19),
(818, 3),
(818, 12),
(818, 14),
(818, 18),
(819, 3),
(819, 12),
(819, 14),
(819, 18),
(820, 3),
(820, 12),
(820, 14),
(820, 18),
(821, 3),
(821, 12),
(821, 14),
(821, 18),
(822, 3),
(822, 12),
(822, 14),
(822, 18),
(823, 3),
(823, 12),
(823, 14),
(823, 18),
(824, 3),
(824, 12),
(824, 14),
(824, 18),
(825, 3),
(825, 12),
(825, 14),
(825, 18),
(826, 3),
(826, 12),
(826, 14),
(826, 18),
(827, 3),
(827, 12),
(827, 14),
(827, 18),
(828, 3),
(828, 12),
(828, 14),
(828, 18),
(829, 3),
(829, 12),
(829, 14),
(829, 18),
(830, 2),
(830, 12),
(830, 14),
(830, 17),
(831, 2),
(831, 12),
(831, 14),
(831, 17),
(832, 2),
(832, 12),
(832, 14),
(832, 17),
(833, 2),
(833, 12),
(833, 14),
(833, 17),
(834, 2),
(834, 12),
(834, 14),
(834, 17),
(835, 2),
(835, 12),
(835, 14),
(835, 17),
(836, 2),
(836, 12),
(836, 14),
(836, 17),
(837, 2),
(837, 12),
(837, 14),
(837, 17),
(838, 2),
(838, 12),
(838, 14),
(838, 17),
(839, 2),
(839, 12),
(839, 14),
(839, 17),
(840, 2),
(840, 12),
(840, 14),
(840, 17),
(841, 2),
(841, 12),
(841, 14),
(841, 17),
(842, 2),
(842, 6),
(842, 7),
(842, 18),
(843, 2),
(843, 6),
(843, 7),
(843, 18),
(844, 2),
(844, 6),
(844, 7),
(844, 18),
(845, 2),
(845, 6),
(845, 7),
(845, 18),
(846, 2),
(846, 6),
(846, 7),
(846, 18),
(847, 2),
(847, 6),
(847, 7),
(847, 18),
(848, 2),
(848, 6),
(848, 7),
(848, 18),
(849, 2),
(849, 6),
(849, 7),
(849, 18),
(850, 2),
(850, 6),
(850, 7),
(850, 18),
(851, 2),
(851, 6),
(851, 7),
(851, 18),
(852, 2),
(852, 6),
(852, 7),
(852, 18),
(853, 2),
(853, 6),
(853, 7),
(853, 18),
(854, 2),
(854, 13),
(854, 14),
(854, 19),
(855, 2),
(855, 13),
(855, 14),
(855, 19),
(856, 2),
(856, 13),
(856, 14),
(856, 19),
(857, 2),
(857, 13),
(857, 14),
(857, 19),
(858, 2),
(858, 13),
(858, 14),
(858, 19),
(859, 2),
(859, 13),
(859, 14),
(859, 19),
(860, 2),
(860, 13),
(860, 14),
(860, 19),
(861, 2),
(861, 13),
(861, 14),
(861, 19),
(862, 2),
(862, 13),
(862, 14),
(862, 19),
(863, 2),
(863, 13),
(863, 14),
(863, 19),
(864, 2),
(864, 13),
(864, 14),
(864, 19),
(865, 2),
(865, 13),
(865, 14),
(865, 19),
(866, 7),
(867, 3),
(868, 1),
(869, 13),
(870, 4),
(871, 1),
(872, 3),
(872, 13),
(872, 18),
(873, 3),
(873, 13),
(873, 18),
(874, 3),
(874, 13),
(874, 18),
(875, 3),
(875, 13),
(875, 18),
(876, 3),
(876, 13),
(876, 18),
(877, 3),
(877, 13),
(877, 18),
(878, 3),
(878, 13),
(878, 18),
(879, 3),
(879, 13),
(879, 18),
(880, 3),
(880, 13),
(880, 18),
(881, 3),
(881, 13),
(881, 18),
(882, 3),
(882, 13),
(882, 18),
(883, 3),
(883, 13),
(883, 18),
(884, 2),
(884, 7),
(884, 18),
(885, 2),
(885, 7),
(885, 18),
(886, 2),
(886, 7),
(886, 18),
(887, 2),
(887, 7),
(887, 18),
(888, 2),
(888, 7),
(888, 18),
(889, 2),
(889, 7),
(889, 18),
(890, 2),
(890, 7),
(890, 18),
(891, 2),
(891, 7),
(891, 18),
(892, 2),
(892, 7),
(892, 18),
(893, 2),
(893, 7),
(893, 18),
(894, 2),
(894, 7),
(894, 18),
(895, 2),
(895, 7),
(895, 18),
(896, 4),
(896, 12),
(896, 18),
(897, 4),
(897, 12),
(897, 18),
(898, 4),
(898, 12),
(898, 18),
(899, 4),
(899, 12),
(899, 18),
(900, 4),
(900, 12),
(900, 18),
(901, 4),
(901, 12),
(901, 18),
(902, 4),
(902, 12),
(902, 18),
(903, 4),
(903, 12),
(903, 18),
(904, 4),
(904, 12),
(904, 18),
(905, 4),
(905, 12),
(905, 18),
(906, 4),
(906, 12),
(906, 18),
(907, 4),
(907, 12),
(907, 18),
(908, 3),
(908, 12),
(908, 19),
(909, 3),
(909, 12),
(909, 19),
(910, 3),
(910, 12),
(910, 19),
(911, 3),
(911, 12),
(911, 19),
(912, 3),
(912, 12),
(912, 19),
(913, 3),
(913, 12),
(913, 19),
(914, 3),
(914, 12),
(914, 19),
(915, 3),
(915, 12),
(915, 19),
(916, 3),
(916, 12),
(916, 19),
(917, 3),
(917, 12),
(917, 19),
(918, 3),
(918, 12),
(918, 19),
(919, 3),
(919, 12),
(919, 19),
(920, 2),
(920, 7),
(920, 19),
(921, 2),
(921, 7),
(921, 19),
(922, 2),
(922, 7),
(922, 19),
(923, 2),
(923, 7),
(923, 19),
(924, 2),
(924, 7),
(924, 19),
(925, 2),
(925, 7),
(925, 19),
(926, 2),
(926, 7),
(926, 19),
(927, 2),
(927, 7),
(927, 19),
(928, 2),
(928, 7),
(928, 19),
(929, 2),
(929, 7),
(929, 19),
(930, 2),
(930, 7),
(930, 19),
(931, 2),
(931, 7),
(931, 19),
(932, 4),
(932, 13),
(932, 19),
(933, 4),
(933, 13),
(933, 19),
(934, 4),
(934, 13),
(934, 19),
(935, 4),
(935, 13),
(935, 19),
(936, 4),
(936, 13),
(936, 19),
(937, 4),
(937, 13),
(937, 19),
(938, 4),
(938, 13),
(938, 19),
(939, 4),
(939, 13),
(939, 19),
(940, 4),
(940, 13),
(940, 19),
(941, 4),
(941, 13),
(941, 19),
(942, 4),
(942, 13),
(942, 19),
(943, 4),
(943, 13),
(943, 19),
(944, 4),
(944, 7),
(944, 17),
(945, 4),
(945, 7),
(945, 17),
(946, 4),
(946, 7),
(946, 17),
(947, 4),
(947, 7),
(947, 17),
(948, 4),
(948, 7),
(948, 17),
(949, 4),
(949, 7),
(949, 17),
(950, 4),
(950, 7),
(950, 17),
(951, 4),
(951, 7),
(951, 17),
(952, 4),
(952, 7),
(952, 17),
(953, 4),
(953, 7),
(953, 17),
(954, 4),
(954, 7),
(954, 17),
(955, 4),
(955, 7),
(955, 17),
(956, 3),
(956, 12),
(956, 17),
(957, 3),
(957, 12),
(957, 17),
(958, 3),
(958, 12),
(958, 17),
(959, 3),
(959, 12),
(959, 17),
(960, 3),
(960, 12),
(960, 17),
(961, 3),
(961, 12),
(961, 17),
(962, 3),
(962, 12),
(962, 17),
(963, 3),
(963, 12),
(963, 17),
(964, 3),
(964, 12),
(964, 17),
(965, 3),
(965, 12),
(965, 17),
(966, 3),
(966, 12),
(966, 17),
(967, 3),
(967, 12),
(967, 17),
(968, 2),
(968, 13),
(968, 17),
(969, 2),
(969, 13),
(969, 17),
(970, 2),
(970, 13),
(970, 17),
(971, 2),
(971, 13),
(971, 17),
(972, 2),
(972, 13),
(972, 17),
(973, 2),
(973, 13),
(973, 17),
(974, 2),
(974, 13),
(974, 17),
(975, 2),
(975, 13),
(975, 17),
(976, 2),
(976, 13),
(976, 17),
(977, 2),
(977, 13),
(977, 17),
(978, 2),
(978, 13),
(978, 17),
(979, 2),
(979, 13),
(979, 17),
(980, 3),
(980, 12),
(980, 17),
(981, 3),
(981, 12),
(981, 17),
(982, 3),
(982, 12),
(982, 17),
(983, 3),
(983, 12),
(983, 17),
(984, 3),
(984, 12),
(984, 17),
(985, 3),
(985, 12),
(985, 17),
(986, 3),
(986, 12),
(986, 17),
(987, 3),
(987, 12),
(987, 17),
(988, 3),
(988, 12),
(988, 17),
(989, 3),
(989, 12),
(989, 17),
(990, 3),
(990, 12),
(990, 17),
(991, 3),
(991, 12),
(991, 17),
(992, 13),
(993, 13),
(994, 12),
(995, 1),
(996, 1),
(997, 12),
(998, 1),
(999, 7),
(1000, 7),
(1001, 7),
(1002, 7),
(1003, 7),
(1004, 13),
(1005, 13),
(1006, 7),
(1007, 7),
(1008, 7),
(1009, 12),
(1010, 12),
(1011, 12),
(1012, 7),
(1013, 1),
(1014, 13),
(1015, 7),
(1016, 7),
(1017, 13),
(1018, 12),
(1019, 12),
(1020, 7),
(1021, 13),
(1022, 1),
(1023, 13),
(1024, 7),
(1025, 12),
(1026, 12),
(1027, 12),
(1028, 7),
(1029, 12),
(1030, 1),
(1031, 13),
(1032, 13),
(1033, 7),
(1034, 13),
(1035, 1),
(1036, 13),
(1037, 12),
(1038, 12),
(1039, 12),
(1040, 1),
(1041, 12),
(1042, 1),
(1043, 12),
(1044, 1),
(1045, 1),
(1046, 1),
(1047, 1),
(1048, 12),
(1049, 13),
(1050, 12),
(1051, 12),
(1052, 7),
(1053, 1),
(1054, 13),
(1055, 12),
(1056, 12),
(1057, 13),
(1058, 13),
(1059, 12),
(1060, 12),
(1061, 12),
(1062, 13),
(1063, 7),
(1064, 12),
(1065, 7),
(1066, 13),
(1067, 12),
(1068, 12),
(1069, 7),
(1070, 1),
(1071, 7),
(1072, 7),
(1073, 12),
(1074, 7),
(1075, 12),
(1076, 1),
(1077, 13),
(1078, 13),
(1079, 1),
(1080, 13),
(1081, 7),
(1082, 12),
(1083, 1),
(1084, 13),
(1085, 13),
(1086, 13),
(1087, 7),
(1088, 7),
(1089, 13),
(1090, 13),
(1091, 7),
(1092, 1),
(1093, 12),
(1094, 19),
(1095, 19),
(1096, 19),
(1097, 1),
(1098, 19),
(1099, 17),
(1100, 19),
(1101, 1),
(1102, 18),
(1103, 18),
(1104, 1),
(1105, 17),
(1106, 17),
(1107, 17),
(1108, 19),
(1109, 18),
(1110, 1),
(1111, 19),
(1112, 17),
(1113, 19),
(1114, 17),
(1115, 18),
(1116, 18),
(1117, 1),
(1118, 17),
(1119, 19),
(1120, 1),
(1121, 17),
(1122, 19),
(1123, 17),
(1124, 18),
(1125, 1),
(1126, 17),
(1127, 18),
(1128, 18),
(1129, 3),
(1130, 3),
(1131, 2),
(1132, 2),
(1133, 2),
(1134, 2),
(1135, 2),
(1136, 2),
(1137, 4),
(1138, 4),
(1139, 4),
(1140, 1),
(1141, 1),
(1142, 1),
(1143, 1),
(1144, 1),
(1145, 1),
(1146, 2),
(1147, 3),
(1148, 3),
(1149, 2),
(1150, 4),
(1151, 4),
(1152, 3),
(1153, 3),
(1154, 2),
(1155, 2),
(1156, 3),
(1157, 2),
(1158, 4),
(1159, 4),
(1160, 1),
(1161, 1),
(1162, 3),
(1163, 3),
(1164, 4),
(1165, 4),
(1166, 1),
(1167, 1),
(1168, 3),
(1169, 3),
(1170, 3),
(1171, 2),
(1172, 4),
(1173, 4),
(1174, 1),
(1175, 2),
(1176, 4),
(1177, 4),
(1178, 3);

-- --------------------------------------------------------

--
-- Structure de la table `quickstrike_deck`
--

CREATE TABLE IF NOT EXISTS `quickstrike_deck` (
  `id` int(11) NOT NULL AUTO_INCREMENT,
  `joueur_id` int(11) DEFAULT NULL,
  `nom` varchar(50) COLLATE utf8_unicode_ci NOT NULL,
  `valide` tinyint(1) NOT NULL,
  `chamberRecto_id` int(11) DEFAULT NULL,
  `chamberVerso_id` int(11) DEFAULT NULL,
  `CarteDepart_id` int(11) DEFAULT NULL,
  PRIMARY KEY (`id`),
  UNIQUE KEY `UNIQ_ECAC75119558FB4` (`chamberRecto_id`),
  UNIQUE KEY `UNIQ_ECAC7511F7B58C60` (`chamberVerso_id`),
  UNIQUE KEY `UNIQ_ECAC751144B8315E` (`CarteDepart_id`),
  KEY `IDX_ECAC7511A9E2D76C` (`joueur_id`)
) ENGINE=InnoDB  DEFAULT CHARSET=utf8 COLLATE=utf8_unicode_ci AUTO_INCREMENT=6 ;

--
-- Contenu de la table `quickstrike_deck`
--

INSERT INTO `quickstrike_deck` (`id`, `joueur_id`, `nom`, `valide`, `chamberRecto_id`, `chamberVerso_id`, `CarteDepart_id`) VALUES
(1, 1, 'duncan', 1, NULL, NULL, NULL),
(2, 1, 'matti', 0, NULL, NULL, NULL),
(3, 3, 'Nouveau deck', 1, NULL, NULL, NULL),
(4, 4, 'matti', 1, NULL, NULL, NULL),
(5, 3, 'Batgirl', 1, NULL, NULL, NULL);

-- --------------------------------------------------------

--
-- Structure de la table `quickstrike_effet`
--

CREATE TABLE IF NOT EXISTS `quickstrike_effet` (
  `id` int(11) NOT NULL AUTO_INCREMENT,
  `numero` smallint(6) NOT NULL,
  `texte` longtext COLLATE utf8_unicode_ci NOT NULL,
  `texteFr` longtext COLLATE utf8_unicode_ci,
  PRIMARY KEY (`id`)
) ENGINE=InnoDB  DEFAULT CHARSET=utf8 COLLATE=utf8_unicode_ci AUTO_INCREMENT=749 ;

--
-- Contenu de la table `quickstrike_effet`
--

INSERT INTO `quickstrike_effet` (`id`, `numero`, `texte`, `texteFr`) VALUES
(1, 1, 'You may play Amidamaru''s only if you are Yoh. If you counterattack from Amidamaru''s zone, charge it.', ''),
(2, 2, 'green ==> +1 Intercept.', ''),
(3, 3, 'Red ==> +2 intercept or +2 Force.', 'Do you want to add 2 Intercept or 2 Force?'),
(4, 4, 'Your strikes have +1 Intercept.', ''),
(5, 5, 'Immediate. Before flipping your next card, draw two cards. Place one on top of your deck and the other in your discard pile.', ''),
(6, 6, 'Your strikes have -2 Intercept and +2 Force.', ''),
(7, 7, 'Your strikes have +1 Force.', ''),
(8, 8, 'Immediate. You may move a teamwork to an empty zone controlled by the same player.', ''),
(9, 9, 'Tactical: Green.', ''),
(10, 10, 'Your strikes have +1 Force. In your opponent''s red zone, your strikes have -4 Force.', ''),
(11, 11, 'When you put this in your advantage area, choose one: Your strikes have +1 Intercept and -1 Force, or your strikes have -1 Intercept and +1 Force.', ''),
(12, 12, 'You may play Lee Pai-Long only if you are jun. Green ==> If you counterattack in Lee Pai-Long''s zone, put a counter on him. Use only once. Remove a counter from Lee Pai-Long ==> Your strike in Lee Pai-Long''s zone gets +1 Force.', ''),
(13, 13, 'Eliminate Lililala ==> Before flipping, draw three cards. Place two in your discard pile and one on top of your deck.', ''),
(14, 14, '-3 Force ==> If you counterattack from Lyserg''s zone with this strike, charge it.', ''),
(15, 15, '-2 Intercept ==> If your counterattack from Marco''s zone with this strike, add a green furyoku. Use only once.', ''),
(16, 16, 'You may play Nergal''s Roar only if you are Duncan. Green ==> +1 Force or +1 Intercept.', ''),
(17, 17, 'Tactical: Green. Your strikes have -3 Intercept and +3 Force.', ''),
(18, 18, 'Red ==> +4 Intercept. Use only once.', ''),
(19, 19, 'Pitch ==> add two green furyoku.', ''),
(20, 20, 'When flipped in a zone with a teamwork, United Front has "Tactical: Green."', ''),
(21, 21, 'Two Green ==> If you counterattack from Rio''s zone, your attack starts in your opponent''s yellow zone.', ''),
(22, 22, 'Your opponent may not play his signature move or charge.', ''),
(23, 23, 'Your strikes in Tao En''s zone have -2 Intercept and +2 Force.', ''),
(24, 24, 'Your strikes have +1 Intercept. In your opponent''s red zone, your strikes have -3 Force.', ''),
(25, 25, 'Green ==> Your strike in Venster''s zone has +2 Intercept and -2 Force. Use only once.', ''),
(26, 26, 'Two yellow ==> If you counterattack from Zeke''s zone, eliminate a teamwork.', ''),
(27, 27, 'You may play Hijinks only if you are Lola. Your opponent may not focus, charge, pitch, or play his signature move.', ''),
(28, 28, 'Your strikes start in your opponent''s yellow zone.', ''),
(29, 29, 'In your red zone, your strikes have +2 Intercept.', ''),
(30, 30, 'Green ==> +1 Intercept. Use only Once.', ''),
(31, 31, 'Immediate. Look at the top three cards of your deck and place them back on top in any order.', ''),
(32, 32, 'If your opponent counterattacks from his green zone, gain a yellow furyoku.', ''),
(33, 33, 'Whenever your opponent plays a non-strike, +1 Force.', ''),
(34, 34, 'Your strikes have +1 Intercept. and +1 Force.', ''),
(35, 35, 'Move a yellow furyoku to your green zone ==> If you counterattack with Rain of Bones, charge this zone.', ''),
(36, 36, 'Whenever your opponent focuses, -1 Force.', ''),
(37, 37, 'If you counterattack with Ponchi Punch, your opponent loses a red furyoku.', ''),
(38, 38, 'Immediate. Add a yellow furyoku. You do not charge from playing Ten More Sit-ups.', ''),
(39, 39, 'Tactical: Green. When you counterattack with Tandem Tomfoolery, eliminate one of your opponent''s furyoku.', ''),
(40, 40, '-2 Intercept ==> +2 Force. Use only once.', ''),
(41, 41, 'If you counterattack with Strafe, you may eliminate a teamwork.', ''),
(42, 42, 'Immediate. Add two yellow furyoku. You do not charge from playing Relax.', ''),
(43, 43, 'Pitch ==> Put this in your advantage area. Your strikes have +1 Intercept.', ''),
(44, 44, '-3 Intercept ==> If you counterattack with Owned!, add a yellow furyoku.', ''),
(45, 45, 'If you counterattack with Honing Blades, you may move a yellow furyoku to your red zone.', ''),
(46, 46, 'you may play or pitch Icicle Assault only if you are Trey. Pitch ==> Add two furyoku to this zone.', ''),
(47, 47, 'Immediate. Eliminate all cards in all advantage areas: For each card eliminated, add a green furyoku.', ''),
(48, 48, 'Green ==> If you counterattack from Kanna''s zone, your opponent doesn''t replenish furyoku of the same color as Kanna''s zone.', ''),
(49, 49, 'Whenever your opponent focuses, +1 Force.', ''),
(50, 50, 'Elilminate a furyoku you control ==> You may eliminate a furyoku of the same color if you counterattack from Mari''s zone. Use only once.', ''),
(51, 51, 'Immediate. Instead of charging this zone, charge any zone instead.', ''),
(52, 52, 'Immediate. Your opponent chooses and uncharges one of his charged zones. Instead of charging this zone, charge any zone instead.', ''),
(53, 53, 'Your opponent adds a red furyoku.', ''),
(54, 54, 'Two Yellow ==> +2 Intercept, +2 Force. Use only once.', ''),
(55, 55, 'Whenever your opponent plays a non-strike, -2 Force.', ''),
(56, 56, 'If your opponent''s attack is 3 Force or less, +4 Force.', ''),
(57, 57, 'Pitch ==> Move a teamwork you control to one of your empty zones.', ''),
(58, 58, 'You may play Captivate only if you are Lyserg. Move an opponent''s teamwork to this zone.', ''),
(59, 59, 'If you have at least one advantage in your advantage area, +2 Force.', ''),
(60, 60, 'pitch ==> your opponent loses a yellow furyoku.', ''),
(61, 61, 'Pitch ==> Move a yellow furyoku to your red zone.', ''),
(62, 62, 'If you counterattack with Necrawakening, charge this zone.', ''),
(63, 63, 'You may play Spirit of Fire only if you are Zeke. Your strikes in spirit of Fire''s zone have -1 Intercept and +2 Force.', ''),
(64, 64, 'You may not play strikes in your yellow or green zone. Your strikes have +2 Force.', ''),
(65, 65, 'You may not focus this turn. Your strikes have +2 Force.', ''),
(66, 66, '-1 Intercept ==> +1 Force.', ''),
(67, 67, 'For each teamwork your opponent has in play, +1 Force.', ''),
(68, 68, 'You may play Viaticum only if you are Jeanne.', ''),
(69, 69, 'You may play or pitch Ultra Cavalry Charge only if you are Len. Pitch ==> Look at the top three cards of your deck and place them back on top in any order.', ''),
(70, 70, 'Immediate. Eliminate one of your opponent''s furyoku.', ''),
(71, 71, 'You may not focus Smoldering Confidence.', ''),
(72, 72, 'Immediate. Add two red furyoku. You do not charge from playing Feral Instinct.', ''),
(73, 73, 'Blinding Foray starts in your opponent''s yellow zone.', ''),
(74, 74, 'If you counterattack with Unerring Garrote, you may eliminate a teamwork.', ''),
(75, 75, 'Your opponent loses a green furyoku.', ''),
(76, 76, 'If you counterattack from Duncan''s zone, whenever your opponent plays a non-strike, your attack gets +1 Force.', ''),
(77, 77, 'Red, Green ==> If you counterattack with Snowdrift, eliminate all teamworks.', ''),
(78, 78, 'In Faust VIII''s zone, you may pay red costs with yellow furyoku.', ''),
(79, 79, 'Immediate. Before flipping your next card, draw three cards. Place one on top of your deck and put the rest in your discard pile.', ''),
(80, 80, 'Yellow ==> +4 Intercept and +1 Force. Use only once.', ''),
(81, 81, 'Immediate. You may eliminate a teamwork.', ''),
(82, 82, '-3 Intercept ==> If you counterattack from Jeanne''s zone, add a yellow furyoku.', ''),
(83, 83, 'In Joco''s zone, you may pay yellow costs with green furyoku.', ''),
(84, 84, 'Your strikes in Mikihasa''s zone have "Tactical: Green."', ''),
(85, 85, 'All Teamworks in Milly''s zone have "Pitch ==> Put this teamwork in one of your empty zones."', ''),
(86, 86, 'if your opponent''s attack is 3 Force or less, +2 Force.', ''),
(87, 87, 'If you counterattack with Bone Army, charge this zone.', ''),
(88, 88, 'If you play a strike in Silva''s zone, eliminate Silva. Before flipping a card, draw two cards. Place one in your discard pile and the other on top of your deck.', ''),
(89, 89, 'Pitch any card in Jun''s zone ==> Add two furyoku to this zone. You may only do this if you have one or fewer furyoku in Jun''s zone.', ''),
(90, 90, 'Green ==> Your strike in Venster''s zone has -2 Intercept and +2 Force.', ''),
(91, 91, 'You may not focus in Yohmei''s zone. Before flipping in his zone, look at the top two cards of your deck and put them back on top in any order.', ''),
(92, 92, 'Your opponent''s strikes cost a green furyoku more to play in a zone without a teamwork.', ''),
(93, 93, 'If you counterattack from Anna''s zone with a strike that has red or yellow in its cost, add a green furyoku.', ''),
(94, 94, 'Flip your Shaman from the back to the front ==> +3 Intercept and +3 Force.', ''),
(95, 95, 'In your opponent''s green zone, +4 Force.', ''),
(96, 96, 'If your opponent has not played a non-strike on his turn, +5 Force.', ''),
(97, 97, 'Your opponent''s strikes cost one green furyoku more if he has not played a non-strike on his turn.', ''),
(98, 98, 'If you counterattack from Matti''s zone, your opponent loses a green furyoku.', ''),
(99, 99, 'Whenever your opponent focuses, -2 Force.', ''),
(100, 100, 'When your opponent counterattacks, uncharge the zone from which he counterattacks.', ''),
(101, 101, 'Immediate. Eliminate one of your opponent''s green or yellow furyoku.', ''),
(102, 102, 'Tactical: Green. Pitch ==> Put this in your advantage area. Your strikes have +1 Force.', ''),
(103, 103, 'Green, -5 Force ==> +5 Intercept. Use only once.', ''),
(104, 104, 'Immediate. Your opponent chosses a teamwork he controls and eliminates it.', ''),
(105, 105, 'Immediate. If you are defending in your yellow zone, you are now defending in your green zone. If you are defending in your red zone, you are now defending in your yellow zone.', ''),
(106, 106, 'Your strikes in Turbine''s zone have +1 Force.', ''),
(107, 107, 'When you counterattack with Director''s Cut, you may move a teamwork you control to one of your empty zones.', ''),
(108, 108, 'If you counterattack with Dark Ascendance, add two furyoku to this zone.', ''),
(109, 109, 'Red ==> If you counterattack with Ancestral Apparitions, charge any zone.', ''),
(110, 110, 'If this zone has a teamwork, +2 Force.', ''),
(111, 111, 'If you have more teamworks in play than your opponent, +3 Force.', ''),
(112, 112, 'In your opponent''s green zone, +2 Force.', ''),
(113, 113, '-2 Intercept ==> If you counterattack with Rail Bird, add a yellow furyoku.', ''),
(114, 114, '-3 Intercept ==> If you counterattack with Rouge Shot, uncharge any zone.', ''),
(115, 115, 'Immediate. Add two red furyoku. You do not charge from playing Bestial Savvy.', ''),
(116, 116, 'Your strikes in Big Bill''s zone have +1 Intercept.', ''),
(117, 117, 'Your teamworks cannot be eliminated.', ''),
(118, 118, 'Green ==> +1 Force. use only once.', ''),
(119, 119, 'If your opponent counterattacks from his green zone, gain a red furyoku.', ''),
(120, 120, 'Uncharge this zone ==> +4 Intercept and +2 Force.', ''),
(121, 121, 'Immediate. Instead of defending in this zone, you are now defending in your green zone.', ''),
(122, 122, 'Crackback starts in your opponent''s yellow zone.', ''),
(123, 123, 'Your opponent may not focus or pitch.', ''),
(124, 124, 'If your counterattack from the red zone, add two red furyoku.', ''),
(125, 125, '-1 Intercept ==> If you counterattack with Stalefish Grab, add a green furyoku.', ''),
(126, 126, 'If you counterattack with Point Blank, look at the top card of your deck. You may put it in your discard pile.', ''),
(127, 127, 'For each teamwork your opponent has in play, +2 Intercept.', ''),
(128, 128, 'You may play or pitch Baby Steps only if you are Matti. Pitch ==> Put this in your advantage area. Your strikes have +1 Force and +1 Intercept.', ''),
(129, 129, 'Uncharge one of your other zones ==> when you counterattack from Toph''s zone, charge her zone.', ''),
(130, 130, 'In Princess Azula''s zone, your strikes have +1 Force while her zone is charged.', ''),
(131, 131, 'Immediate. Add a green energy for each ally you have.', ''),
(132, 132, 'Your opponent cannot play advantages or allies in his or her green zone.', ''),
(133, 133, 'When you counterattack, you may rearrange the allies in your ally spaces.', ''),
(134, 134, 'Pitch ==> Each player eliminates one of his or her allies.', ''),
(135, 135, '-3 Intercept ==> when you counterattack, charge any zone.', ''),
(136, 136, 'Whenever your opponent charges one of his or her zones, Boulder Roll gets +1 Force.', ''),
(137, 137, 'When you counterattack against a strike that has 3 Force or less, Blazing Axe Kick gets +3 Force.', ''),
(138, 138, 'When you counterattack against a strike that has 3 Force or less, Boiling Point gets +3 Force.', ''),
(139, 139, 'when you counterattack, your opponent uncharges one of his or her zones.', ''),
(140, 140, '-4 Intercept ==> When you counterattack, your opponent uncharges one of his or her zones.', ''),
(141, 141, 'Yellow ==> +4 Force. Use only once.', ''),
(142, 142, 'Eliminates one of your allies ==> +1 Intercept. Use only once.', ''),
(143, 143, 'When you counterattack, you may eliminate a green energy.', ''),
(144, 144, 'When you counterattack, you may eliminate up to two green energy.', ''),
(145, 145, 'When you counterattack against a strike that has 3 Force or less, Gout of Flame gets +3 Force.', ''),
(146, 146, 'Red ==> Choose one: Jagged Ground gets +2 Intercept', ' or Jagged Ground gets +2 Force.'),
(147, 147, 'Reflip: Green. Whenever your opponent focuses, he or she eliminates one of his or her green energy.', ''),
(148, 148, 'Whenever your opponent focuses, he or she eliminate one of his or her green energy.', ''),
(149, 149, '-4 Intercept ==> When you counterattack, eliminate all of your opponent''s green energy.', ''),
(150, 150, 'When you counterattack, your opponent eliminates one of his or her allies.', ''),
(151, 151, 'eliminate one of your allies ==> when you counterattack, eliminate up to two green energy.', ''),
(152, 152, 'Eliminate one of your allies ==> when you counterattack, your opponent eliminates one of his or her allies. Use only once.', ''),
(153, 153, '-4 Intercept ==> When you counterattack, your opponent eliminates one of his or her allies. Use only once.', ''),
(154, 154, '-1 Intercept ==> When you counterattack, move one of your green energy to your yellow zone.', ''),
(155, 155, 'When you counterattack, look at the top two cards of your deck. Put one on the top of your deck and the other into your discard pile.', ''),
(156, 156, 'While your opponent is defending, his or her zones cannot be charged.', ''),
(157, 157, 'When you counterattack, you may move one of your yellow energy to your red zone.', ''),
(158, 158, 'Reflip: Green. Your opponent''s strikes cost an additional yellow energy to play.', ''),
(159, 159, 'Your opponent''s strikes cost an additional yellow energy to play.', ''),
(160, 160, 'When you counterattack, you may move an ally to the top of its owner''s deck.', ''),
(161, 161, 'Whenever your opponent focuses, Howling Cyclone gets -2 Force.', ''),
(162, 162, 'Whenever your opponent focuses, Howling Squall gets -1 Force.', ''),
(163, 163, 'Whenever your opponent focuses, Howling wind gets -1 Force.', ''),
(164, 164, '-4 Intercept ==> When you counterattack, move an ally to the top of its owner''s deck.', ''),
(165, 165, '-3 Intercept ==> When you counterattack, move one of your yellow energy to your red zone.', ''),
(166, 166, 'Red ==> +2 Intercept. Use only once.', ''),
(167, 167, '-2 Intercept ==> While your opponent is defending, his or her zones cannot be charged.', ''),
(168, 168, 'Your opponent cannot play signature moves.', ''),
(169, 169, 'When you counterattack, you may move one of your green energy to your yellow zone.', ''),
(170, 170, 'When you counterattack from a charged zone, add a green energy.', ''),
(171, 171, 'Your opponent skips defending in his or her green zone.', ''),
(172, 172, '-4 Intercept ==> When you counterattack, your opponent moves one of his or her allies to one of your empty ally spaces.', ''),
(173, 173, 'While this zone is charged dancing mists has +2 Intercept.', ''),
(174, 174, 'For each ally you have, double crest has +1 Force.', ''),
(175, 175, 'when you counterattack from a charged zone, add a green energy.', ''),
(176, 176, '-2 Intercept ==> When you counterattack, charge this zone. Use only once.', ''),
(177, 177, 'Reflip: Green. When you counterattack, charge this zone.', ''),
(178, 178, 'When you counterattack, charge this zone.', ''),
(179, 179, 'While your opponent is defending, your allies cannot be moved or be eliminated.', ''),
(180, 180, 'When you counterattack, add a green energy for each charged zone you have.', ''),
(181, 181, '-1 Intercept ==> When you counterattack, add a green energy.', ''),
(182, 182, 'While you have an ally in this zone, tandem attack has +2 Force.', ''),
(183, 183, '-2 Intercept ==> When you counterattack from a charged zone, add a yellow energy.', ''),
(184, 184, 'Two red ==> +3 Intercept and +3 Force. Use only once.', ''),
(185, 185, 'While your opponent is defending, your zones cannot be uncharged.', ''),
(186, 186, 'Red ==> +5 Force. Use only once.', ''),
(187, 187, 'when you counterattack, your opponent uncharges one of his or her zones.', ''),
(188, 188, 'When you counterattack, you may move one of your opponent''s allies to one of that player''s empty ally spaces.', ''),
(189, 189, 'Red, Green ==> +2 Intercept and +2 Force. Use only once.', ''),
(190, 190, 'When you counterattack, your opponent eliminates one of his or her energy.', ''),
(191, 191, 'Reflip: Green.', ''),
(192, 192, 'Your strikes have +2 Intercept.', ''),
(193, 193, 'Your strikes have +1 Intercept while in one of your charged zones.', ''),
(194, 194, 'Your opponent cannot focus or pitch.', ''),
(195, 195, 'While your opponent is defending in his or her green zone, your strikes have +2 Force.', ''),
(196, 196, 'Your strikes have +1 Intercept and +1 Force while in one of your charged zones.', ''),
(197, 197, 'Your strikes have +1 Force while in one of your charged zones.', ''),
(198, 198, 'While your opponent is defending, your zones cannot be uncharged and your allies cannot be moved or eliminated.', ''),
(199, 199, 'Immediate. Your opponent moves one of his or her allies to one of your empty ally spaces.', ''),
(200, 200, 'Immediate. Look at the top two cards of your deck. Put them back in any order.', ''),
(201, 201, 'Immediate. Your opponent turns the top card of his or her deck face up. You may have your opponent put that card into his or her discard pile.', ''),
(202, 202, 'Immediate. Look at the top three cards of your deck. Put them back in any order.', ''),
(203, 203, 'While pai sho mastery is in your advantage area, your cards have "Reflip: Eliminate Pai sho mastery."', ''),
(204, 204, 'Immediate. You may move any player''s ally to one of that player''s empty ally spaces.', ''),
(205, 205, 'As you play sculpted flame, choose one: Your strikes have +1 Intercept and -1 Force', ' or your strikes have -1 Intercept and +1 Force.'),
(206, 206, 'Whenever you flip a card, turn the top card of your deck face up.', ''),
(207, 207, 'When you counterattack, you may uncharge one of your zones. If you do, charge one of your zones.', ''),
(208, 208, 'Immediate. You are now defending up one zone.', ''),
(209, 209, 'Immediate. If this zone is already charged, you may uncharge any zone.', ''),
(210, 210, 'Immediate. You may charge any zone.', ''),
(211, 211, 'When you counterattack, add a yellow energy.', ''),
(212, 212, 'Immediate. You may eliminate one of your allies. If you do, eliminate one of your opponent''s allies.', ''),
(213, 213, 'Reflip: Green. Immediate. You may eliminate an ally.', ''),
(214, 214, 'Immediate. If this zone is already charged, you may charge any zone.', ''),
(215, 215, 'Immediate. Add a red energy.', ''),
(216, 216, 'Reflip: Green. Immediate. You may uncharge any zone.', ''),
(217, 217, 'When your opponent counterattacks from his or her green zone, you add two green energy.', ''),
(218, 218, 'Immediate. You may eliminate an energy in this zone. If you do, eliminate one of your opponent''s energy of the same color.', ''),
(219, 219, 'Immediate. Your opponent uncharges one of his or her zones.', ''),
(220, 220, 'Your strikes have -1 Intercept and +1 Force.', ''),
(221, 221, 'Your strikes have +1 Intercept in your red zone.', ''),
(222, 222, 'Immediate. Look at the top card of your deck. You may put it into your discard pile.', ''),
(223, 223, 'Immediate. Your opponent eliminates one of his or her allies.', ''),
(224, 224, 'In Aang''s zone, your strikes have +1 Intercept.', ''),
(225, 225, 'Whenever you flip a card in Appa''s zone, you may swap Appa with an ally in one of your other zones.', ''),
(226, 226, 'Yellow ==> When you counterattack from Katara''s zone, charge this zone. Use only once per turn.', ''),
(227, 227, 'In King Bumi''s zone, your strikes have "Whenever your opponent focuses, this strike gets +1 Force while it''s in King Bumi''s zone."', ''),
(228, 228, 'When you counterattack from Momo''s zone, each player adds a green energy.', ''),
(229, 229, 'Whenever you flip a card in Monk Gyatso''s zone turn the top card of your deck face up.', ''),
(230, 230, 'When you counterattack from Jet''s zone, each player eliminates one of his or her allies.', ''),
(231, 231, 'Reflip: Green. When you counterattack from Jojo''s zone, eliminate one of your opponent''s green energy, and you add a green energy.', ''),
(232, 232, 'Two Green ==> In Malu''s zone, your strikes have "Your opponent skips defending in his or her green zones."', ''),
(233, 233, 'When you counterattack from Pirate Captain''s zone, look at the top card of your deck. You may put into your discard pile.', ''),
(234, 234, 'Eliminate an energy in prince zuko''s zone ==> when you counterattack from prince zuko''s zone, eliminate an energy of the same color. Use only once per turn.', ''),
(235, 235, 'Whenever you would flip a card in Uncle Iroh''s zone, you may first look at the top two cards of your deck. If you do, put them back in any order.', ''),
(236, 236, 'When you counterattack from afiko''s zone, you may eliminate one of your allies. If you do, your opponent charges one of your zones.', ''),
(237, 237, 'Your strikes in Commander Zhao''s zone have +1 Force.', ''),
(238, 238, 'When you counterattack from fire nation elite''s zone, your opponent turns the top card of his or her deck face up. you may have your opponent put that card into his or her discard pile.', ''),
(239, 239, 'When you counterattack from kinto''s zone, you may eliminate one of your allies. If you do, your opponent uncharges one of his or her zones.', ''),
(240, 240, 'Red ==> when you counterattack from prison warden''s zone, your opponent eliminates one of his or her allies. Use only once per turn.', ''),
(241, 241, 'Green ==> When you counterattack from Zhao''s guard''s zone, eliminate Zhao''s Guard and up to two green energy. Use only once per turn.', ''),
(242, 242, 'When you counterattack from cabbage merchant''s zone, you may eliminate cabbage merchant. If you do, add a green energy.', ''),
(243, 243, 'Whenever you flip a card in canyon guide''s zone, your opponent turns the top card of his or her deck face up.', ''),
(244, 244, 'Green ==> In Gan Jin Treibe''s zone, you strikes have +1 intercept. Use only once per turn.', ''),
(245, 245, 'In herbalist''s zone, your strikes have "Reflip: Green."', ''),
(246, 246, 'Green ==> In zhang tribe''s zone, your strikes have +1 Force. Use only once per turn.', ''),
(247, 247, 'When you flip air scooter in a zone without an ally, you may move one of your allies to this zone.', ''),
(248, 248, 'Move chi absorption down one zone ==> add a yellow energy. (use only while defending in your green or yellow zone)', ''),
(249, 249, 'Move dust funnels down one zone ==> add two green energy. (use only while defending in your green or yellow zone.)', ''),
(250, 250, 'Two green ==> Move graceful leap up one zone (use only while defending in your yellow or red zone).', ''),
(251, 251, 'Move open-palm pushback to your red zone ==> your opponent skips defending in his or her green zone. (Use only while defending in your green or yellow zone.)', ''),
(252, 252, 'Two Green ==> Move Zoom! up one zone (use only while defending in your yellow or red zone).', ''),
(253, 253, 'Whenever your opponent focuses, boulder smash gets +1 Force.', ''),
(254, 254, 'When your opponent counterattacks from a zone, eliminate an ally in that zone.', ''),
(255, 255, 'when your opponent counterattacks from a zone, uncharge that zone.', ''),
(256, 256, 'When your opponent counterattacks from a zone, uncharge that zone, eliminate an ally in that zone, and eliminate an energy in that one.', ''),
(257, 257, 'Reflip: Green. Whenever your opponent focuses, quarry crush gets +1 Force.', ''),
(258, 258, 'When your opponent counterattacks from a zone, eliminate an energy in that zone.', ''),
(259, 259, 'When you counterattack , you may eliminate a yellow energy. Pitch ==> eliminate a yellow energy.', ''),
(260, 260, 'When your counterattack, charge this zone. Pitch ==> charge this zone.', ''),
(261, 261, 'Pitch ==> eliminate up to two green energy.', ''),
(262, 262, 'Pitch ==> charge this zone.', ''),
(263, 263, 'Green, Pitch ==> Your opponent eliminates one of his or her allies.', ''),
(264, 264, 'When you counterattack, your opponent eliminates one or his or her allies. Green, Pitch ==> Your opponent eliminates one of his or her allies.', ''),
(265, 265, 'When you counterattack from a charged zone, you may charge any zone.', ''),
(266, 266, 'Red ==> when you counterattack, charge any zone. Use only once.', ''),
(267, 267, 'Uncharge this zone ==> when you counterattack, charge any zone.', ''),
(268, 268, 'Exclusive - Aang', ''),
(269, 269, 'Exclusive - Katara. Uncharge Sokka''s zone ==> If you have a strike in sokka''s zone, choose one: That strike gets +1 Intercept', ' or that strikes gets +1 Force. Use only once per turn.'),
(270, 270, 'Exclusive - King Bumi. In Flopsie''s zone, your strikes have -1 Intercept and +2 Force.', ''),
(271, 271, 'Exclusive - jojo. When you counterattack from a zone, add an energy to that zone and eliminate one of your opponent''s energy of the same color.', ''),
(272, 272, 'Exclusive - malu. Your opponent skips defending in his or her green and yellow zones.', ''),
(273, 273, 'Exclusive - Prince Zuko. When you counterattack ==> you may eliminate an energy.', ''),
(274, 274, 'Exclusive - Uncle Iroh. Pitch ==> Look at the top three cards of your deck. Put one on the top of your deck and the rest into your discard pile.', ''),
(275, 275, 'Exclusive - Afiko. Turn your Chamber Card from the back to the front ==> +3 Intercept and +3 Force.', ''),
(276, 276, 'Exclusive - Commander Zhao. When you counterattack, you may eliminate an ally.', ''),
(277, 277, 'Exclusive - Kinto. Your opponent''s strikes cost an additional red energy to play.', ''),
(278, 278, 'Immediate. You may rearrange your allies.(you can only have one ally in each of your zones.)', ''),
(279, 279, 'While this zone is charged, sokka''s mettle has +1 intercept and +1 Force.', ''),
(280, 280, 'move up to three of your green furyoku to your yellow zone.', ''),
(281, 281, 'Move all of your yellow furyoku to your red zone. Move all of your green furyoku to your yellow zone.', ''),
(282, 282, '-2 Intercept ==> Your opponent may not focus or pitch.', ''),
(283, 283, 'This strike starts in your opponent''s yellow zone.', ''),
(284, 284, 'Your opponent cannot charge or play his signature move.', ''),
(285, 285, '-1 Intercept, eliminate one of your opponent''s yellow furyoku ==> Add a yellow furyoku.', ''),
(286, 286, '-1 Intercept ==> Add a red furyoku, or +1 Force.', ''),
(287, 287, '-2 Intercept, eliminate one of an opponent''s red furyoku ==> Add a red furyoku.', ''),
(288, 288, '-1 Intercept ==> Add a red furyoku.', ''),
(289, 289, 'Your opponent gains one point ==> +3 Force.', ''),
(290, 290, 'charge a zone of your choice.', ''),
(291, 291, 'Yellow ==> +1 Force.', ''),
(292, 292, 'Green ==> +1 Force. Super Bujin starts in your opponent''s yellow zone.', ''),
(293, 293, 'Your opponent must discard teamworks and advantages.', ''),
(294, 294, 'If your opponent''s attack is 3 Force or less, you may eliminate up to three furyoku.', ''),
(295, 295, 'Eliminate all of your opponent''s teamworks.', ''),
(296, 296, 'Put any number of teamworks on top of their owners'' decks.', ''),
(297, 297, 'Shooting Star''s Intercept equals the Force of your opponent''s attack.', ''),
(298, 298, 'You may eliminate a teamwork.', ''),
(299, 299, 'Engulfing Helix''s Force and Intercept equal the Force of your opponent''s attack.', ''),
(300, 300, '-8 Intercept ==> +8 Force.', ''),
(301, 301, '-1 Intercept ==> Put the top card of your deck in your discard pile. If it is a teamwork, +1 Force', ''),
(302, 302, 'Look at the top five cards of your deck and put them back in any order.', ''),
(303, 303, 'Put a teamwork you control on top of its owner''s deck ==> +1 Force, +1 Intercept.', ''),
(304, 304, 'Put a teamwork on top of its owner''s deck.', ''),
(305, 305, 'Your opponent must discard advantages.', ''),
(306, 306, 'If your opponent''s attack is 3 Force or less, +3 Force.', ''),
(307, 307, 'Slice and Dice starts in your opponent''s yellow zone.', ''),
(308, 308, 'Pumpkin Dumpkin starts in your opponent''s red zone.', ''),
(309, 309, 'If any of your zones has no furyoku, add a furyoku to that zone.', ''),
(310, 310, 'Add three yellow furyoku.', ''),
(311, 311, 'Remove all your teamwork cards. Place each in any empty zone you control.', ''),
(312, 312, 'You may move an opponent''s teamwork to one of your empty zones.', ''),
(313, 313, 'Add two red furyoku.', ''),
(314, 314, 'Grand Halo Blade starts in your opponent''s yellow zone. For each teamwork you have in play, +1 Force.', ''),
(315, 315, 'Uncharge all of your opponent''s zones. For each zone uncharged this way, +1 Force.', ''),
(316, 316, 'Overhead Thwap starts in your opponent''s yellow zone.', ''),
(317, 317, 'Add two green furyoku, two yellow furyoku, and two red furyoku.', ''),
(318, 318, 'Eliminate one of your opponent''s teamworks ==> +2 Force. Use only once.', ''),
(319, 319, 'Eliminate one of your opponent''s teamworks ==> +2 Force.', ''),
(320, 320, 'Add a red furyoku and your opponent loses a red furyoku.', ''),
(321, 321, 'You may either add a red furyoku or eliminate one of your opponent''s red furyoku.', ''),
(322, 322, 'Charge all of your opponent''s zones. For each charged this way, +2 Force.', ''),
(323, 323, 'When you counterattack, you may search your deck for an ally card named Appa. You may put that card in any empty ally space.', ''),
(324, 324, 'When you counterattack, you may eliminate an ally.', ''),
(325, 325, 'When you counterattack, you may eliminate all of your opponent''s allies.', ''),
(326, 326, 'When you counterattack, each player charges his or her red zone.', ''),
(327, 327, 'When you counterattack, each player chooses one of his zones. Charge that zone.', ''),
(328, 328, 'Whenever your opponent focuses, Penguin Sledding gets -1 Force.', ''),
(329, 329, 'Whenever your opponent focuses, Taming the Unagi gets -2 Force.', ''),
(330, 330, 'When you counterattack, you may rearrange your allies. (You can only have on ally in each of your zones.)', ''),
(331, 331, 'When you counterattack, add an energy to each of your zones.', ''),
(332, 332, 'When you counterattack, eliminate all of your energy', ''),
(333, 333, 'When you counterattack, charge your yellow zone.', ''),
(334, 334, 'When you counterattack, add two red energy.', ''),
(335, 335, 'When you counterattack, add a red energy.', ''),
(336, 336, 'Green ==> When you counterattack, each player charges one of his or her zones.', ''),
(337, 337, 'Whenever your opponent focuses Omashu Dodgeball gets +1 Force.', ''),
(338, 338, 'Whenever your opponent focuses Stone Heel of the King gets +1 Force.', ''),
(339, 339, 'Your opponent''s cards have "Reflip: Green"', ''),
(340, 340, 'Your opponent''s strikes have "Green==>+1 Intercept."', ''),
(341, 341, 'Whenever your opponent plays a card in a zone, eliminate an energy in that zone.', ''),
(342, 342, 'Yellow ==> When you counterattack, move an ally to the top of it''s owner''s deck.', ''),
(343, 343, 'When you counterattack, eliminate one of your opponent''s energy and you add a red energy.', ''),
(344, 344, 'When you counterattack, your opponent eliminates one of his or her energy, and you add a green energy.', ''),
(345, 345, 'Whenever your opponent focuses in a zone, you add an energy of the same color as that zone.', ''),
(346, 346, 'Your opponent skips defending in his or her green and yellow zones.', ''),
(347, 347, 'When you counterattack, Slingshot Stream gets +X Force, where X is the Force of your opponent''s strike.', ''),
(348, 348, 'When you counterattack, you may eliminate an energy.', ''),
(349, 349, 'When you counterattack, you may eliminate up to two energy.', ''),
(350, 350, 'When you counterattack, you may uncharge any zone.', ''),
(351, 351, 'When you counterattack, uncharge all of your opponent''s zones.', ''),
(352, 352, 'When you counterattack, look at the top three cards of your deck. Put them back in any order.', ''),
(353, 353, 'Your opponent cannot focus or pitch, and while defending his or her zones cannot be charged.', ''),
(354, 354, 'When you counterattack, look at the top two cards of your deck. Put them back in any order.', ''),
(355, 355, 'Whenever your opponent flips a card, you may pay a green energy. If your do, your opponent discards that card and flips a new on in the same zone.', ''),
(356, 356, '-2 Intercept ==> When you counterattack, charge or uncharge any zone.', ''),
(357, 357, 'When you clean up Storms Without End. Leave your Chamber Card turned to the back.', ''),
(358, 358, '-2 Intercept ==> When you counterattack, charge or uncharge any zone. Use only once.', ''),
(359, 359, 'Eliminate one of your allies ==> When you counterattack, your opponent charges one of your zones.', ''),
(360, 360, 'When you counterattack against a strike that has 3 Force or less, No Mercy for the Weak gets +3 Force.', ''),
(361, 361, 'When you counterattack against a strike that has 3 Force or less, Open Fire gets +3 Force.', ''),
(362, 362, 'Green ==> When you counterattack, eliminate an ally.', ''),
(363, 363, 'Eliminate one of your allies ==> +1 Force.', ''),
(364, 364, '-2 Intercept ==> Your opponent''s strikes cost an additional yellow energy to play.', ''),
(365, 365, 'Two green ==> when you counterattack, eliminate up to two green energy. use only once', ''),
(366, 366, 'while you have more allies than your opponent, brutes from the deep has +3 Force.', ''),
(367, 367, 'when you celebrate, you may eliminate an ally', ''),
(368, 368, 'when you celebrate, you may uncharge any zone', ''),
(369, 369, 'While you have more allies than your opponent, hunted down has +2 intercept.', ''),
(370, 370, 'While you have more allies than your opponent, knockout has +2 Force.', ''),
(371, 371, 'Eliminate one of your allies ==> +1 Intercept and +1 Force. use only once.', ''),
(372, 372, '-2 Intercept ==> When you counterattack, your opponent uncharges one of his or her zones. use only once.', ''),
(373, 373, 'Reflip: Green. Whenever your opponent focuses in a zone, eliminate an ally in that zone.', ''),
(374, 374, 'Whenever your opponent focuses in a zone, eliminate an ally in that zone.', ''),
(375, 375, '-4 Intercept ==> When you counterattack, eliminate a yellow energy.', ''),
(376, 376, 'green ==> when you counterattack , eliminate a green energy. use only once.', ''),
(377, 377, 'When you counterattack against a strike that has 3 Force or less, you may eliminate an energy.', ''),
(378, 378, 'When you counterattack against a strike that has 3 Force or less, you may eliminate an ally.', ''),
(379, 379, 'When you counterattack, your opponent reveals his or her current signature move.', ''),
(380, 380, 'Your opponent''s strikes cost an additional green energy to play.', ''),
(381, 381, 'When you flip blade and bullet, turn the top card of your deck face up.', ''),
(382, 382, '-2 Intercept ==> when you counterattack, move an ally to the top of it''s owner''s deck. use only once.', ''),
(383, 383, 'When you counterattack, look at the top card of your opponent''s deck. You may put it into his or her discard pile.', ''),
(384, 384, '-1 Intercept ==> When you counterattack, reveal then top card of your opponent''s deck. You may put it into his or her discard pile. Use only once.', ''),
(385, 385, '-2 Intercept ==> When you counterattack, look at the top card of your opponent''s deck. You may put it into his or her discard pile. Use only once.', ''),
(386, 386, 'Green ==> A player of your choice turns the top card of his or her deck face up.', ''),
(387, 387, 'When you celebrate, your opponent adds an energy to each of his or her zones with an ally.', ''),
(388, 388, 'Your opponent cannot deploy or reflip.', ''),
(389, 389, 'Two Yellow ==> +2 Intercept. Use only once.', ''),
(390, 390, 'When you flip martial law, turn the top card of your deck face up.', ''),
(391, 391, 'Your opponent''s strikes have +2 Intercept while in one of his or her zones with an ally.', ''),
(392, 392, '-5 Intercept ==> When you counterattack, move one of your opponent''s allies to the top of its owner''s deck.', ''),
(393, 393, 'When you celebrate, you may turn a player''s chamber card to its other side.', ''),
(394, 394, 'Your opponent cannot deploy.', ''),
(395, 395, 'When you celebrate, you may move up to two of your green energy to your yellow zone.', ''),
(396, 396, 'When you celebrate, each player adds an energy to each of his or her zones with an ally. (This is in addition to your normal celebration.)', ''),
(397, 397, '-4 Intercept ==> When you counterattack, add a yellow energy.', ''),
(398, 398, 'while you have an ally in this zone, direct hit has +1 Force. While this zone is charged, direct hit has +1 Force.', ''),
(399, 399, 'While this zone is charged, fire at will has +1 Intercept.', ''),
(400, 400, 'green ==> +1 Intercept. Use up to as many times as the number of allies you have.', ''),
(401, 401, 'When you counterattack from a zone with an ally, add an energy to that zone.', ''),
(402, 402, 'Yellow ==> +1 Intercept. Use up to as many times as the number of allies you have.', ''),
(403, 403, '-3 Intercept ==> +3 Force.', ''),
(404, 404, '-2 Intercept ==> +2 Force.', ''),
(405, 405, 'When your opponent counterattacks from a zone, you may charge your zone of the same color.', ''),
(406, 406, 'Reflip: Green. When you counterattack, you may charge any zone.', ''),
(407, 407, '-3 Intercept ==> When you counterattack, charge this zone.', ''),
(408, 408, 'While your opponent is defending, your energy cannot be moved or eliminated.', ''),
(409, 409, 'when you counterattack from a charged zone, add a yellow energy.', ''),
(410, 410, 'green ==> reveal the top card of your deck.', ''),
(411, 411, 'green ==> -3 Intercept and +3 Force. Use only once.', ''),
(412, 412, 'when you counterattack, each player may move on of his or her green energy to that player''s yellow zone.', ''),
(413, 413, 'Red ==> +2 Intercept or +2 Force. Use only once.', ''),
(414, 414, 'When you counterattack, you may move one of your allies to one of your empty ally spaces.', ''),
(415, 415, 'Yellow ==> +1 Intercept. Use only once.', ''),
(416, 416, 'Reflip: Yellow.', ''),
(417, 417, 'When you counterattack from a zone with an ally, add a green energy.', ''),
(418, 418, 'Quite a Fall has "Reflip: Green" while in one of your zones with an ally.', ''),
(419, 419, 'Yellow ==> +2 Force. Use only once.', ''),
(420, 420, 'Your strikes have +1 Intercept while in one of your zones with an ally.', ''),
(421, 421, 'Whenever your opponent focuses, your strike gets +1 Force.', ''),
(422, 422, 'Your strikes have +1 Force while in one of your zones with an ally.', ''),
(423, 423, 'While your opponent is defending, your allies and energy cannot be moved or eliminated.', ''),
(424, 424, 'Your opponent cannot celebrate.', ''),
(425, 425, 'Reflip: Green. While you are defending against a strike that has 7 Force or moren your strikes have +3 Intercept.', ''),
(426, 426, 'Your opponent cannot play strikes or allies in his or her green zone.', ''),
(427, 427, 'Your opponent cannot play signature moves. While your opponent is defending, his or her zones cannot be charged.', ''),
(428, 428, 'Your strikes have +2 Intercept and -2 Force.', ''),
(429, 429, 'Immediate. Look at the top three cards of your deck. Put two on the top of your deck in any order and the other one into your discard pile.', ''),
(430, 430, 'Your strikes have "Reflip: Eliminate one of your advantages."', ''),
(431, 431, 'Your allies have "Deploy: Free." (as you play an ally, you may move it to any of your empty ally spaces.)', ''),
(432, 432, 'Immediate. You may move an ally to the top of its owner''s deck.', ''),
(433, 433, 'Immediate. Reveal the top four cards of your deck. You may put an ally card from among them on the top of your deck and the rest into your discard pile.', ''),
(434, 434, 'Immediate. If you are defending against a strike that has 7 Force or more, look at the top four cards of your deck. You may put one on the top of your deck and the rest into your discard pile.', ''),
(435, 435, 'Immediate. You may choose one of your allies. If you do, your opponent chooses one of his or her allies, and you swap the chosen allies.', ''),
(436, 436, 'Immediate. Reveal the top card of your deck. You may put it into your discard pile. Reveal the top card of your opponent''s deck. You may put it into his or her discard pile.', ''),
(437, 437, 'When you counterattack, you may charge any zone with an ally.', ''),
(438, 438, 'Immediate. You may have your opponent eliminate one of his or her allies.', ''),
(439, 439, 'Your strikes have -1 Intercept and +1 Force. When you celebrate, you may add a yellow energy.', ''),
(440, 440, 'Immediate. If you are defending against a strike that has 7 force or more, you may eliminate an advantage or ally.', ''),
(441, 441, 'When your opponent counterattacks, he or she charges one of your zones.', ''),
(442, 442, 'When you celebrate, add a red energy.', ''),
(443, 443, 'When you counterattack, move up to three of your green energy to your yellow zone.', ''),
(444, 444, 'Immediate. You may eliminate an ally in any zone. If you do, add an energy to that zone.', ''),
(445, 445, 'Reflip: Green. Your strikes have -2 Intercept and +2 Force.', ''),
(446, 446, 'When your opponent counterattacks from his or her green zone, that player uncharges one of his or her zones.', ''),
(447, 447, 'When you counterattack, you may eliminate one of your allies. If you do, your opponent eliminates one of his or her allies.', ''),
(448, 448, 'Your strikes have +1 Force', ''),
(449, 449, 'Immediate. You may have your opponent uncharge one of his or her zones.', ''),
(450, 450, 'Immediate. A player of your choice reveals the top card of his or her deck.', ''),
(451, 451, 'Your strikes have "Reflip: Green."', ''),
(452, 452, 'Immediate. Your opponent reveals his or her current signature move.', ''),
(453, 453, 'Your advantages and allies have "Reflip: Green."', ''),
(454, 454, 'In gillette''s zone, your allies have "Deploy: Green."', ''),
(455, 455, 'You cannot celebrate in jackson hill''s zone. Green ==> when you counterattack from jackson hill''s zone, charge his zone. Use only once per turn.', ''),
(456, 456, 'Deploy: Green. You cannot celebrate in james norrington''s zone. In james norrington''s zone, your strikes have +1 Intercept.', ''),
(457, 457, '-2 Intercept ==> when you counterattack from jeremiah hampton''s zone, charge his zone. Use only once per turn.', ''),
(458, 458, 'Deploy: Green. Whenever you flip a strike in lord cuttler beckett''s zone, turn the top card of your deck face up. In lord cuttler beckett''s zone, your strikes have "Reflip: Green."', ''),
(459, 459, 'Green ==> In rachel darling''s zone, your strike have +1 Intercept abd -1 Force. Use only oncer per turn.', ''),
(460, 460, 'In weatherby swann''s zone, your strikes have -1 Intercept. Green ==> when your counterattack from weartherby swann''s zone, add a yellow energy.', ''),
(461, 461, 'Eliminate one of your other allies ==> when you counterattack from cannibal warrior''s zone, your opponent eliminates one of his or her allies', ''),
(462, 462, 'when you counterattack from elizabeth swann''s zone, you may eliminate a green energy.', ''),
(463, 463, 'Green ==> Whenever you play an ally in joshamee gibbs''s zone, you may move joshamee gibbs to one of your empty ally spaces.', ''),
(464, 464, 'Deploy: Yellow. When you counterattack from marty''s zone, add a green energy.', ''),
(465, 465, 'Deploy: Yellow. Whenever you flip a card in tia dalma''s zone, each player turns the top card of his or her deck face up.', ''),
(466, 466, 'In will turner''s zone, your strikes have -1 intercept and +1 Force', ''),
(467, 467, 'Deploy: Yellow. In bootstrap bill''s zone, your cards have "Reflip: Eliminate bootstrap bill."', ''),
(468, 468, 'Yellow ==> when you counterattack from captain barbossa''s zone, your opponent charges one of your zones. use only once per turn.', ''),
(469, 469, 'When you counterattack from davy jones''s zone, you may uncharge his zone. If you do, charge one of your zones', ''),
(470, 470, 'Deploy: Red. In greenbeard''s zone, your strikes have +1 Force.', ''),
(471, 471, 'Green ==> When you counterattack from jimmy legs''s zone, you may eliminate him. If you do, eliminate one of your opponent''s allies.', ''),
(472, 472, 'Deploy: Free. In pintel and ragetti''s zone, your strikes have -1 Intercept.', ''),
(473, 473, 'In sepahook''s zone, your strikes have "when you celebrate, add a red energy."', ''),
(474, 474, 'When you counterattack from catherine blades''s zone, you may move her to an empty ally space in any zone.', ''),
(475, 475, 'Yellow ==> In cotton''s parrot''s zone, your strikes have +1 Force. Use only once per turn.', ''),
(476, 476, 'Deploy: Green. When you counterattack from j. bennie''s zone, each player eliminates another player''s ally.', ''),
(477, 477, 'Two Green ==> In jack the monkey''s zone, your strikes have +1 Intercept. Use only once per turn.', ''),
(478, 478, 'When you counterattack, you may move one of your opponent''s yellow energy to his or her green zone.', ''),
(479, 479, 'Hard to starboard has "Reflip: Free" while in your yellow zone.', ''),
(480, 480, 'Yellow ==> Overtake has +1 Intercept while in your yellow zone.', ''),
(481, 481, 'When you counterattack, you may move one of your allies to an empty ally space in any player''s yellow zone.', ''),
(482, 482, 'When you counterattack from your yellow zone, you may charge that zone.', ''),
(483, 483, 'When you counterattack, you may move one of your opponent''s allies to one of his or her empty ally spaces.', ''),
(484, 484, 'Two Green ==> Move nasty dagger up one zone', ''),
(485, 485, 'when you counterattack from a zone without an ally, you may move one of your allies to that zone', ''),
(486, 486, 'when you counterattack, you may charge your green zone.', ''),
(487, 487, 'Reflip: Green. When you counterattack, you may rearrange the allies in your opponent''s ally spaces', ''),
(488, 488, 'Two Green ==> Move sneak aboard up one zone.', ''),
(489, 489, 'When you counterattack, you may move one of your allies to an empty ally space in any player''s green zone.', ''),
(490, 490, 'Your opponent cannot play strikes in his or her green zone', ''),
(491, 491, 'Reflip: Green. When you counterattack, you may move one of your allies to an empty ally space in any player''s red zone', ''),
(492, 492, 'When you counterattack, move hull breach to your red zone', ''),
(493, 493, 'Yellow ==> When you counterattack, charge your red zone. Use only once', ''),
(494, 494, 'When you flip ready the long nines, you may move it to your red zone. Ready the long nines has +3 Force while in your red zone.', ''),
(495, 495, 'When you flip through the smoke, you may move it to your red zone. When you counterattack from your red zone, your opponent uncharges one of his or her zones.', ''),
(496, 496, 'exclusive - lord beckett. Your advantages and allies have "Reflip: Free".', ''),
(497, 497, 'exclusive - elizabeth swann. When you counterattack, you may eliminate an energy.', ''),
(498, 498, 'exclusive - will turner. Your strikes have +2 Force while in one of your zones with an ally', ''),
(499, 499, 'exclusive - davy jones. Immediate - choose one : charge your red zone, or add a red energy', ''),
(500, 500, 'exclusive - pintel and ragetti. If your opponent would celebrate, each player instead adds an energy to each of his or her zones with an ally', ''),
(501, 501, 'exclusive - commodore norrington. Immediate. you may eliminate an ally. If you do, charge the zone that ally was in( you also charge this zone as normal)', ''),
(502, 502, 'exclusive - rachel darling. Your opponent''s strikes have -2 Force.', ''),
(503, 503, 'exclusive - greenbeard. Your opponent cannot play signature moves. Your opponent cannot play cards in hie or her green zone.', ''),
(504, 504, 'exclusive - captain barbossa. Immediate. reveal the top four cards of your deck. You may put a strike card from among them on the top of your deck and the rest into your discard pile', ''),
(505, 505, 'exclusive - jack sparrow. You may use yellow energy to pay red sidebar costs.', ''),
(506, 506, 'When you counterattack, you may swap one of your allies with another player''s ally', ''),
(507, 507, 'When you counterattack, move one of your opponent''s allies to one of your ally spaces. If there is already an ally in that space, eliminate that ally.', ''),
(508, 508, 'Eliminate one of your allies ==> +1 Intercept and +1 Force.', ''),
(509, 509, 'Whenever your opponent charges a zone, you may charge your zone of the same color', ''),
(510, 510, 'When you celebrate, add an energy to each of your zones with an ally', ''),
(511, 511, 'When you counterattack, add a green energy for each ally you have.', ''),
(512, 512, 'Your opponent cannot play strikes in his or her zone of your choice', ''),
(513, 513, 'While you have an ally in each of your zones, commodore''s command has +2 Force', ''),
(514, 514, 'You cannot celebrate.', ''),
(515, 515, 'When you counterattack, you may uncharge each of your opponent''s zones without an ally.', ''),
(516, 516, 'When you counterattack, you may eliminate up to as many allies as the number of allies you have', ''),
(517, 517, 'When you counterattack, you may eliminate a green energy for each ally you have', '');
INSERT INTO `quickstrike_effet` (`id`, `numero`, `texte`, `texteFr`) VALUES
(518, 518, 'When you opponent counterattacks from a zone, eliminate all of his or her energy in that zone', ''),
(519, 519, 'When you counterattack, you may eliminate up to three yellow energy.', ''),
(520, 520, '-2 Intercept ==> when you counterattack, eliminate an energy.', ''),
(521, 521, 'When you counterattack, you may eliminate a yellow energy.', ''),
(522, 522, 'Choose an ally name. Your opponent may not play strikes in any zone with an ally that has the chosen name.', ''),
(523, 523, 'When you counterattack against a strike that has 3 Force or less, your opponent skips defending his or her green and yellow zones.', ''),
(524, 524, 'When you counterattack, you opponent uncharges one of his or her zones. While your opponent is defending his or her zones cannot be charged', ''),
(525, 525, 'Three Red ==> When you counterattack, eliminate up to three red energy.', ''),
(526, 526, 'When you celebrate, charge each of you zones with an ally.', ''),
(527, 527, 'Green ==> When you counterattack, uncharge any zone.', ''),
(528, 528, 'When you counterattack, move all of your energy to your red zone.', ''),
(529, 529, 'When you counterattack, you may move one of your enemy to your red zone', ''),
(530, 530, 'When you counterattack, you may move up to three of your energy to your red zone', ''),
(531, 531, 'When you counterattack, you may rearrange the allies in your ally spaces and then rearrange the allies in your opponent''s ally spaces.', ''),
(532, 532, 'When your opponent counterattacks, reveal the top four cards of your deck. Put one on the top of your deck and the rest into your discard pile.', ''),
(533, 533, 'When you counterattack, eliminate all of your allies for each ally you eliminated, you may move one of your opponent''s allies to one of your empty ally spaces.', ''),
(534, 534, 'For each red energy you have, heavy ordnance has +1 Force', ''),
(535, 535, 'While your opponent is defending, he or she cannot deploy or reflip, and his or her zones cannot be charged', ''),
(536, 536, 'For each red energy you have, Rum and Gold has +1 Force', ''),
(537, 537, 'Your opponent''s strikes cost an additional red energy to play.', ''),
(538, 538, 'While you have more allies than your opponent, Over the rails! has +3 Force', ''),
(539, 539, 'While you have more allies than your opponent, swashbuckler has +2 Force', ''),
(540, 540, 'Deadly accuracy has +X Intercept and when you counterattack, it gets +X Force, where X is the Force of your opponent''s strike.', ''),
(541, 541, 'For each ally you have, ju''s like ol'' bootstrap has +1 Intercept', ''),
(542, 542, 'For each ally you have, hold your ground has +1 Force.', ''),
(543, 543, 'Two Green ==> +1 Force', ''),
(544, 544, 'In jack sparrow''s zone, you may use green energy to pay yellow sidebar costs on your advantage and allies.', ''),
(545, 545, 'When you counterattack with Lethal Riddle, eliminate an opponent energy or an opponent teamwork', ''),
(546, 546, 'Immediate. you do not charge from playing this advantage. you may uncharge one of your zone and then charge another zone', ''),
(547, 547, 'When you counterattack from catwoman''s zone add a yellow energy', ''),
(548, 548, 'For each advantage in your opponent''s zone, this strike has +1 force', ''),
(549, 549, 'Immediate. You may search your deck or your discard pile for a teamwork and put it in the teamwork place on the current zone. If there''s already a teamwork in this zone discard it first.', ''),
(550, 550, 'This teamwork cannot be targeted by your opponent''s effects', ''),
(551, 551, 'for each ally you have in play your opponent uncharges one of his zone', ''),
(552, 552, 'your opponent eliminates 1 red energy', ''),
(553, 553, 'green ==> +2 intercept', ''),
(554, 554, 'if your opponent''s attack is 4 Force or less, +3 Force.', ''),
(555, 555, 'You may send up to 2 advantages in any order from your discard pile on the top of your deck', ''),
(556, 556, 'your opponent eliminates an energy of each color. send all the advantages in your discard pile in your deck and shuffle it', ''),
(557, 557, 'on bike starts in your opponent yellow zone', ''),
(558, 558, 'rocket robin starts in your opponent''s red zone', ''),
(559, 559, 'add 2 energy to each zone you control', ''),
(560, 560, '-1 Intercept ==> add a green energy.', ''),
(561, 561, 'When you counterattack with in the loop, charge every zone you control with a "batman team" teamwork in it.', ''),
(562, 562, 'Add an energy to each of your zone with a teamwork', ''),
(563, 563, 'For each teamwork you control, +1 Intercept.', ''),
(564, 564, '-1 Force ==> +1 Intercept', ''),
(565, 565, 'Red ==> +2 Force.', ''),
(566, 566, 'green ==> +1 Force.', ''),
(567, 567, 'If your opponent''s force is 3 or less, add 2 energy to each zone.', ''),
(568, 568, 'Add 2 energy to each of your zone with a teamwork.', ''),
(569, 569, 'For each teamwork in play, +2 Force.', ''),
(570, 570, 'If you celebrate, eliminate all your opponent''s teamwork', ''),
(571, 571, 'Your opponent cannot play advantages or teamwork.', ''),
(572, 572, 'If you celebrate, turn your chamber on it''s back side.', ''),
(573, 573, 'Surprise delivery starts in your opponent''s yellow zone.', ''),
(574, 574, '2 Green ==> eliminate an ally', ''),
(575, 575, 'Your opponent uncharges one of his zone.', ''),
(576, 576, 'For each ally your opponent controls, +1 Force', ''),
(577, 577, 'Your opponent uncharges one of his zone, eliminates one of his ally and one of his energy.', ''),
(578, 578, 'Your opponent uncharges every of his zone with a teamwork.', ''),
(579, 579, 'For each of his zone with a teamwork your opponent uncharges this zone and eliminates 1 energy in it', ''),
(580, 580, 'Your opponent eliminates a green energy and you gain a green energy', ''),
(581, 581, '-1 Intercept ==> your opponent eliminates one of his energy. -1 Force ==> Add an energy to any of your zone.', ''),
(582, 582, 'Uncharge one of your opponent''s zone', ''),
(583, 583, 'Whenever your opponent plays a non-strike, -1 Force.', ''),
(584, 584, 'Your opponent may uncharge all of his zone. For each opponent''s charged zone, +1 Force', ''),
(585, 585, 'Fast and furious starts in your opponent''s yellow zone', ''),
(586, 586, 'Eliminate all teamworks.', ''),
(587, 587, 'Your opponent eliminates an energy in each zone with a teamwork', ''),
(588, 588, 'You may look at the top 3 cards of your deck and put them back in any order', ''),
(589, 589, 'Your opponent''s strikes, advantages and teamwork cost an additional yellow to play. When your opponent focuses the big chill has -2 force.', ''),
(590, 590, 'When you counterattack with small isn''t weak, add an energy to the current zone.', ''),
(591, 591, 'For each unteamed teamwork in play, +1 Intercept', ''),
(592, 592, 'Red ==> when you counterattack with let me think of it charge one of your zone', ''),
(593, 593, 'When you counterattack with I don''t need you, you opponent eliminates one of his teamwork.', ''),
(594, 594, 'Reflip: eliminate one of your teamworks', ''),
(595, 595, 'For each teamwork you have, +1 Force.', ''),
(596, 596, 'If your opponent''s attack is 3 Force or less, Rush start in your opponent''s yellow zone.', ''),
(597, 597, 'If your opponent''s attack is 3 Force or less, your opponent cannot focus or pitch.', ''),
(598, 598, 'When you celebrate, add a green energy.', ''),
(599, 599, 'Your opponent loses 2 green energy.', ''),
(600, 600, 'When you counterattack with Tech robbery gain a yellow energy.', ''),
(601, 601, 'When you counterattack with Brave warden, your teamwork cannot be eliminated.', ''),
(602, 602, 'When your opponent his defending in a zone without a teamwork, this strike has +1 Force.', ''),
(603, 603, 'If your opponent''s force is 3 or less, when you counterattack with trapped, charge this zone.', ''),
(604, 604, 'This strike costs one less green energy for each advantages you played this turn', ''),
(605, 605, 'When you counterattack with Two time move, look at the top 3 cards of your deck and put one of them on top of your deck and the rest in the discard pile.', ''),
(606, 606, 'Your opponent cannot play advantages.', ''),
(607, 607, 'If your opponent''s force is 3 or less, +4 Force.', ''),
(608, 608, 'When you counterattack with Intense training, add an energy to the current zone.', ''),
(609, 609, 'When you counterattack with leave this to me!, for each advantage in your area, add a green energy.', ''),
(610, 610, 'Uncharge this zone ==> Transformation starts in your opponent''s red zone.', ''),
(611, 611, 'When you celebrate, add 2 yellow energy.', ''),
(612, 612, 'For each advantage in your area, +1 Force.', ''),
(613, 613, 'When you counterattack with secret hideout, you may send an advantage from your discard pile on the top of your deck', ''),
(614, 614, 'When you counterattack with trust no one, you may eliminate a teamwork', ''),
(615, 615, '-3 Intercept ==> when you counterattack with interview, you may move one of your yellow energy to your red zone', ''),
(616, 616, 'If your opponent''s force is 3 or less, Aerial battle has +2 Force and starts in your opponent''s yellow zone', ''),
(617, 617, 'Your opponent cannot charge his zones', ''),
(618, 618, 'When you counterattack with Call the backup, charge the current zone if you control a teamwork on it', ''),
(619, 619, 'Your opponent''s teamwork effects don''t apply.', ''),
(620, 620, 'When you contreattack with secret justice, charge this zone', ''),
(621, 621, 'Red ==> +1 Force.', ''),
(622, 622, 'For each of your zone without a teamwork, +1 Force', ''),
(623, 623, 'When you celebrate, celebrate twice', ''),
(624, 624, '-3 Intercept ==> your opponent eliminates a red energy.', ''),
(625, 625, 'When you counterattack with Frozen dome, your teamwork and energies cannot be eliminated', ''),
(626, 626, 'When you counterattack with Don''t you dare, your energy cannot be eliminated', ''),
(627, 627, 'When you counterattack with Bestial behaviour, eliminate a teamwork', ''),
(628, 628, '-1 Intercept ==> When you counterattack with database you may look at the top 2 cards of your deck and place them in any order', ''),
(629, 629, 'If there is a teamwork in this zone, +3 force', ''),
(630, 630, 'Sneak in starts in your opponent''s red zone', ''),
(631, 631, 'For each gotham city police department teamwork in play, +1 force', ''),
(632, 632, 'Firefly starts in your opponent''s yellow zone', ''),
(633, 633, 'When flipped in a zone with a teamwork, this strike has +4 intercept and +1 force', ''),
(634, 634, 'When you counterattack with I m not afraid of frost, look at the top 2 cards of your deck and put them back in any order', ''),
(635, 635, 'When you celebrate, add an energy to each of your zone', ''),
(636, 636, 'When flipped in a zone with a teamwork, this strike has +1 intercept and +4 force', ''),
(637, 637, '-3 Intercept ==> When you counterattack with ice blast, uncharge an opponent''s zone', ''),
(638, 638, 'Slider start in your opponent''s red zone', ''),
(639, 639, 'Your opponent''s advantage cost 1 additionnal green energy to play', ''),
(640, 640, 'When you counterattack with Thorn trap, move an opponent''s teamwork to one of your empty zone.', ''),
(641, 641, 'Inspector Yin only. When you counterattack with let''s work together from a zone with a teamwork, you may charge any zone.', ''),
(642, 642, 'When you counterattack with Wicked cruelty, your opponent moves one of his red energy to his yellow zone.', ''),
(643, 643, 'When you counterattack with Ready to ride, add an energy to the current zone.', ''),
(644, 644, 'Batgirl Only. If you control a Robin Teamwork, this strike has +4 Force. If you control a Batman teamwork, this strike has +4 Intercept.', ''),
(645, 645, 'When you celebrate, shuffle all the teamworks in your discard into your deck.', ''),
(646, 646, 'When you counterattack with Police protection, your zones cannot be uncharged and your teamwork cannot be eliminated', ''),
(647, 647, 'Inspector Beneth only. When you counterattack with Gotham law, your opponent cannot focus, pitch or play advantages', ''),
(648, 648, 'When you counterattack with Restless protector, charge any zone', ''),
(649, 649, 'When you counterattack with Cupid dilemma you may eliminate the teamwork in this zone to uncharge one of your opponent''s zone', ''),
(650, 650, 'When you counterattack with crawling spike, your opponent eliminates one of his yellow energy', ''),
(651, 651, 'If your opponent''s attack is 3 Force or less, when you counterattack with fire extinguisher charge this zone', ''),
(652, 652, 'For each of your opponent''s zone without a teamwork, +1 Force', ''),
(653, 653, 'When you counterattack with Triple threat match, eliminate an opponent teamwork.', ''),
(654, 654, 'Joker Only. Green ==> when you counterattack with Genius madness eliminate a teamwork', ''),
(655, 655, 'Robin Only. If your opponent''s force is 4 or less Daredevil start in your opponent''s red zone', ''),
(656, 656, 'When you counterattack with blizzard, your opponent eliminates one of his red energy.', ''),
(657, 657, 'When you counterattack with Toxic inhalation, eliminate a teamwork.', ''),
(658, 658, 'If there is a teamwork in this zone, Not my fault cost a less red energy to play', ''),
(659, 659, 'The fatest thief start in your opponent''s red zone', ''),
(660, 660, 'Bane only. You may turn your chamber card on its other side', ''),
(661, 661, 'When you celebrate, you may eliminate one of your opponent''s teamwork.', ''),
(662, 662, 'When you counterattack with Team penguin, your opponent uncharges one of his zone and you charge one of your zone', ''),
(663, 663, 'Gordon only. When you celebrate, add an energy to each of your zone and eliminate all your opponent''s teamwork', ''),
(664, 664, 'Batman only. This strike has +1 Force for each advantage you played this turn', ''),
(665, 665, 'Eliminate one of your opponent''s red energy.', ''),
(666, 666, 'Yellow ==> +3 Intercept. When you counterattack with extensible criminal, uncharge an opponent''s zone', ''),
(667, 667, 'When you counterattack with Fearless charge your opponent uncharges one fo his zone.', ''),
(668, 668, 'When you celebrate, uncharge one of your opponent''s zone', ''),
(669, 669, 'When you celebrate, charge all your zones', ''),
(670, 670, 'Your strike in Cash tankenson''s zone have +1 Intercept and -1 Force', ''),
(671, 671, 'Your strike in Mayor grange''s zone have "Reflip : Green"', ''),
(672, 672, 'Uncharge this zone ==> your strike in this zone starts in your opponent''s yellow zone', ''),
(673, 673, 'When you flip a card in News team''s zone, both player reveal the top card of their deck', ''),
(674, 674, '-1 Intercept ==> +1 Force, use only once per turn', ''),
(675, 675, 'When this card leaves play, eliminate an opponent energy.', ''),
(676, 676, 'Yellow ==> +1 Force. use max twice per turn.', ''),
(677, 677, 'When this card leaves play, add a yellow energy.', ''),
(678, 678, 'Opponent''s strikes in dick grayson''s zone have -1 Force.', ''),
(679, 679, 'When you flip a card in Batgirl''s zone, add a green energy.', ''),
(680, 680, 'Yellow ==> your strike in this zone have +1 Intercept and +1 Force. Use only once per turn.', ''),
(681, 681, 'Your strikes in killer croc''s zone have +1 Force.', ''),
(682, 682, 'When you counterattack from scarface''s zone, your opponent cannot play his signature move. When this card leaves play, discard all advantages.', ''),
(683, 683, 'Yellow ==> Your strike in firefly''s zone starts in your opponent yellow zone.', ''),
(684, 684, 'Your advantages in Detective yin''s zone always charge the zone (even when the advantages says otherwise).', ''),
(685, 685, 'When you counterattack from Barbara Gordon''s zone, add a green energy.', ''),
(686, 686, 'Green ==> -1 Force and +1 Intercept.', ''),
(687, 687, 'When you flip a card in this zone you may discard Bio policemen to add 3 green energy.', ''),
(688, 688, 'Red ==> When you counterattack from Riddler''s zone, uncharge an opponent''s zone.', ''),
(689, 689, 'Uncharge this zone ==> If you counterattack from Chief roja''s zone, your strike hase +2 Force.', ''),
(690, 690, 'When you flip a card in Hugo Strange''s zone, show the top card of your opponent''s deck. You may pay one green to discard this card.', ''),
(691, 691, 'When you counterattack from Lucius Fox''s zone, your opponent''s advantage cost 1 more green to play.', ''),
(692, 692, 'Red ==> Your strikes in Robin''s zone start in your opponent''s red area.', ''),
(693, 693, 'When you counterattack from Ghost''s zone, your opponent cannot play his signature move.', ''),
(694, 694, 'When this card leaves play, add an energy to each of your zones.', ''),
(695, 695, 'Your strikes in Commissioner Gordon''s zone have : "When you celebrate add 1 energy to this zone".', ''),
(696, 696, 'Your teamwork in news anchor''s zone have "Deploy : Yellow".', ''),
(697, 697, 'Penguin only. Your strikes in this zone cost none of that zone energy. When this card leaves play, gain 2 yellow energy.', ''),
(698, 698, 'When you counterattack from Arkham warden''s zone, your opponent''s teamwork effects don''t apply.', ''),
(699, 699, 'Joker only. When you play an advantage in Harley quinn''s zone, eliminate an opponent''s energy of any color you paid. When this card leaves play, gain a red energy.', ''),
(700, 700, 'When you play an advantage in Batman''s zone, add a yellow energy.', ''),
(701, 701, 'Your strikes in American ninja''s zone have : "When you celebrate, add an energy to this zone".', ''),
(702, 702, 'Red ==> When you counterattack from Poison ivy''s zone, eliminate a teamwork.', ''),
(703, 703, 'Your strikes in Bruce Wayne''s zone cost one less green energy to play.', ''),
(704, 704, 'Your "Batman" Teamworks in Alfred Pennyworth''s zone have "Deploy : Free".', ''),
(705, 705, 'Your opponent cannot play his signature move. You do not charge from playing this advantage.', ''),
(706, 706, 'Reduce your opponent force by 1.', ''),
(707, 707, 'When you celebrate, add a red energy. you do not charge from playing this strike.', ''),
(708, 708, 'When your opponent focuses, your strike gets +1 Force.', ''),
(709, 709, 'Your strike have +1 Intercept for each teamwork you control.', ''),
(710, 710, 'If you opponent counterattacks from his green zone, add a yellow energy.', ''),
(711, 711, 'If you opponent counterattacks from his green zone, add a red energy. You do not charge from playing this advantage.', ''),
(712, 712, 'Immediate. Search your discard pile for a teamwork and put it on the top of your deck. You do not charge from playing this advantage.', ''),
(713, 713, 'Reduce your opponent force by 1. You do not charge from playing this advantage.', ''),
(714, 714, 'Your opponent cannot pitch', ''),
(715, 715, 'Your strikes have +1 Force. You do not charge from playing this advantage.', ''),
(716, 716, 'Your strikes have +1 Intercept. You do not charge from playing this advantage.', ''),
(717, 717, 'Immediate. Eliminate an opponent''s green energy.', ''),
(718, 718, 'Immediate. Put an advantage from your discard on the top of your deck. You do not charge from playing this advantage.', ''),
(719, 719, 'When you counterattack, you may eliminate a teamwork.', ''),
(720, 720, 'Reveal the top card of your deck as long as this card is in your advantage area.', ''),
(721, 721, 'Immediate. Eliminate an opponent''s energy from the same zone. You do not charge from playing this advantage.', ''),
(722, 722, 'Your strikes starts in your opponent''s red zone. you do not charge from playing this advantage.', ''),
(723, 723, 'Your teamwork cannot be eliminated', ''),
(724, 724, 'Your zones cannot be uncharged', ''),
(725, 725, 'Immediate. Put a strike from your discard pile on top of your deck', ''),
(726, 726, 'Immediate. Eliminate an opponent''s teamwork', ''),
(727, 727, 'Your strikes have -1 Intercept and +2 Force. you do not charge from playing this advantage', ''),
(728, 728, 'Your strikes have +2 Intercept. you do not charge from playing this advantage', ''),
(729, 729, 'Your teamwork cannot be targeted by your opponent''s effects.', ''),
(730, 730, 'Immediate. eliminate an opponent''s yellow energy or 2 green.', ''),
(731, 731, 'Your teamwork cannot be eliminated nor your zones uncharged. you do not charge from playing this advantage', ''),
(732, 732, 'Immediate. You may rearrange your teamworks', ''),
(733, 733, 'Immediate. add a red energy', ''),
(734, 734, 'Your strike have +2 Intercept', ''),
(735, 735, 'Immediate. Shuffle up to 3 advantages from your discard pile into your deck. you do not charge from playing this advantage.', ''),
(736, 736, 'Your opponent cannot charge his zone or play his signature move', ''),
(737, 737, 'Immediate. You are now defending in your green zone. you do not charge from playing this advantage', ''),
(738, 738, 'Your teamworks cannot be eliminated. you do not charge from playing this advantage', ''),
(739, 739, 'Immediate. Your opponent uncharges one of his zone or eliminates one of his teamwork.', ''),
(740, 740, 'Immediate. Uncharge an opponent''s zone', ''),
(741, 741, 'When your opponent plays a non strike, your strike has +1 force', ''),
(742, 742, 'In your red zone, your opponent''s strike has -3 force.', ''),
(743, 743, 'Your strikes have +3 Intercept', ''),
(744, 744, 'Immediate. Charge any zone instead of this one', ''),
(745, 745, 'Your strikes have +2 Force.', ''),
(746, 746, 'Immediate. Charge all you zones', ''),
(747, 747, 'Immediate. Turn your chamber in its other side', ''),
(748, 748, 'Mr freeze only. When you counterattack from a zone, eliminate up to 4 of your opponent''s energy in the same zone.', '');

-- --------------------------------------------------------

--
-- Structure de la table `quickstrike_extension`
--

CREATE TABLE IF NOT EXISTS `quickstrike_extension` (
  `id` int(11) NOT NULL AUTO_INCREMENT,
  `libelle` varchar(15) COLLATE utf8_unicode_ci NOT NULL,
  PRIMARY KEY (`id`)
) ENGINE=InnoDB  DEFAULT CHARSET=utf8 COLLATE=utf8_unicode_ci AUTO_INCREMENT=7 ;

--
-- Contenu de la table `quickstrike_extension`
--

INSERT INTO `quickstrike_extension` (`id`, `libelle`) VALUES
(1, 'Shaman King'),
(2, 'quickstrike'),
(3, 'Avatar'),
(4, 'Pirates'),
(5, 'Promo'),
(6, 'Batman');

-- --------------------------------------------------------

--
-- Structure de la table `quickstrike_partie`
--

CREATE TABLE IF NOT EXISTS `quickstrike_partie` (
  `id` int(11) NOT NULL AUTO_INCREMENT,
  `joueur1_id` int(11) DEFAULT NULL,
  `joueur2_id` int(11) DEFAULT NULL,
  `pointVictoire` smallint(6) NOT NULL,
  `Joueur1Point` smallint(6) NOT NULL,
  `Joueur2Point` smallint(6) NOT NULL,
  `Joueur1Etape` varchar(255) COLLATE utf8_unicode_ci NOT NULL,
  `Joueur2Etape` varchar(255) COLLATE utf8_unicode_ci NOT NULL,
  `joueurActif` smallint(6) NOT NULL,
  `joueurBas` smallint(6) DEFAULT NULL,
  `Joueur1ChamberCharge` tinyint(1) NOT NULL,
  `Joueur1DeckCharge` tinyint(1) NOT NULL,
  `Joueur1DiscardCharge` tinyint(1) NOT NULL,
  `Joueur1ZoneEnCours` varchar(255) COLLATE utf8_unicode_ci NOT NULL,
  `Joueur2ChamberCharge` tinyint(1) NOT NULL,
  `Joueur2DeckCharge` tinyint(1) NOT NULL,
  `Joueur2DiscardCharge` tinyint(1) NOT NULL,
  `Joueur2ZoneEnCours` varchar(255) COLLATE utf8_unicode_ci NOT NULL,
  `dateDerniereAction` datetime NOT NULL,
  `Joueur1Effets` longtext COLLATE utf8_unicode_ci NOT NULL COMMENT '(DC2Type:array)',
  `Joueur2Effets` longtext COLLATE utf8_unicode_ci NOT NULL COMMENT '(DC2Type:array)',
  PRIMARY KEY (`id`),
  KEY `IDX_29902F3392C1E237` (`joueur1_id`),
  KEY `IDX_29902F3380744DD9` (`joueur2_id`)
) ENGINE=InnoDB  DEFAULT CHARSET=utf8 COLLATE=utf8_unicode_ci AUTO_INCREMENT=21 ;

--
-- Contenu de la table `quickstrike_partie`
--

INSERT INTO `quickstrike_partie` (`id`, `joueur1_id`, `joueur2_id`, `pointVictoire`, `Joueur1Point`, `Joueur2Point`, `Joueur1Etape`, `Joueur2Etape`, `joueurActif`, `joueurBas`, `Joueur1ChamberCharge`, `Joueur1DeckCharge`, `Joueur1DiscardCharge`, `Joueur1ZoneEnCours`, `Joueur2ChamberCharge`, `Joueur2DeckCharge`, `Joueur2DiscardCharge`, `Joueur2ZoneEnCours`, `dateDerniereAction`, `Joueur1Effets`, `Joueur2Effets`) VALUES
(20, 1, 1, 3, 2, 2, 'attente', 'utilisationChamber', 1, 2, 1, 1, 0, 'STRIKE_VERT', 1, 1, 1, 'STRIKE_JAUNE', '2015-08-07 13:47:13', 'a:0:{}', 'a:0:{}');

-- --------------------------------------------------------

--
-- Structure de la table `quickstrike_traitcarte`
--

CREATE TABLE IF NOT EXISTS `quickstrike_traitcarte` (
  `id` int(11) NOT NULL AUTO_INCREMENT,
  `libelle` varchar(15) COLLATE utf8_unicode_ci NOT NULL,
  `tag` varchar(15) COLLATE utf8_unicode_ci NOT NULL,
  PRIMARY KEY (`id`)
) ENGINE=InnoDB  DEFAULT CHARSET=utf8 COLLATE=utf8_unicode_ci AUTO_INCREMENT=20 ;

--
-- Contenu de la table `quickstrike_traitcarte`
--

INSERT INTO `quickstrike_traitcarte` (`id`, `libelle`, `tag`) VALUES
(1, 'neutre', 'NEUTRE'),
(2, 'advantage-body', 'BODY'),
(3, 'advantage-mind', 'MIND'),
(4, 'advantage-spiri', 'SPIRIT'),
(5, 'strike-airbende', 'AIRBENDER'),
(6, 'strike-boat', 'BOAT'),
(7, 'strike-bull', 'BULL'),
(8, 'strike-canon', 'CANON'),
(9, 'strike-earth', 'EARTH'),
(10, 'strike-earthben', 'EARTHBENDER'),
(11, 'strike-firebend', 'FIREBENDER'),
(12, 'strike-fox', 'FOX'),
(13, 'strike-lion', 'LION'),
(14, 'strike-sword', 'SWORD'),
(15, 'strike-water', 'WATER'),
(16, 'strike-waterben', 'WATERBENDER'),
(17, 'teamwork-dark', 'DARK'),
(18, 'teamwork-light', 'LIGHT'),
(19, 'teamwork-shadow', 'SHADOW');

-- --------------------------------------------------------

--
-- Structure de la table `quickstrike_typecarte`
--

CREATE TABLE IF NOT EXISTS `quickstrike_typecarte` (
  `id` int(11) NOT NULL AUTO_INCREMENT,
  `libelle` varchar(10) COLLATE utf8_unicode_ci NOT NULL,
  `tag` varchar(10) COLLATE utf8_unicode_ci NOT NULL,
  PRIMARY KEY (`id`)
) ENGINE=InnoDB  DEFAULT CHARSET=utf8 COLLATE=utf8_unicode_ci AUTO_INCREMENT=5 ;

--
-- Contenu de la table `quickstrike_typecarte`
--

INSERT INTO `quickstrike_typecarte` (`id`, `libelle`, `tag`) VALUES
(1, 'chamber', 'CHAMBER'),
(2, 'teamwork', 'TEAMWORK'),
(3, 'strike', 'STRIKE'),
(4, 'advantage', 'ADVANTAGE');

--
-- Contraintes pour les tables exportées
--

--
-- Contraintes pour la table `quickstrike_carte`
--
ALTER TABLE `quickstrike_carte`
  ADD CONSTRAINT `FK_687A7A436CD82268` FOREIGN KEY (`typeCarte_id`) REFERENCES `quickstrike_typecarte` (`id`),
  ADD CONSTRAINT `FK_687A7A43812D5EB` FOREIGN KEY (`extension_id`) REFERENCES `quickstrike_extension` (`id`),
  ADD CONSTRAINT `FK_687A7A43E76D37FA` FOREIGN KEY (`effet_id`) REFERENCES `quickstrike_effet` (`id`);

--
-- Contraintes pour la table `quickstrike_cartedeck`
--
ALTER TABLE `quickstrike_cartedeck`
  ADD CONSTRAINT `FK_9D2547430B1ACE0` FOREIGN KEY (`Carte_id`) REFERENCES `quickstrike_carte` (`id`),
  ADD CONSTRAINT `FK_9D25474DEA47140` FOREIGN KEY (`Deck_id`) REFERENCES `quickstrike_deck` (`id`);

--
-- Contraintes pour la table `quickstrike_cartepartie`
--
ALTER TABLE `quickstrike_cartepartie`
  ADD CONSTRAINT `FK_7D7345F162847507` FOREIGN KEY (`Partie_id`) REFERENCES `quickstrike_partie` (`id`),
  ADD CONSTRAINT `FK_7D7345F1C9C7CEB6` FOREIGN KEY (`carte_id`) REFERENCES `quickstrike_carte` (`id`);

--
-- Contraintes pour la table `quickstrike_carte_traitcarte`
--
ALTER TABLE `quickstrike_carte_traitcarte`
  ADD CONSTRAINT `FK_875E20614AAABF` FOREIGN KEY (`traitcarte_id`) REFERENCES `quickstrike_traitcarte` (`id`) ON DELETE CASCADE,
  ADD CONSTRAINT `FK_875E2061C9C7CEB6` FOREIGN KEY (`carte_id`) REFERENCES `quickstrike_carte` (`id`) ON DELETE CASCADE;

--
-- Contraintes pour la table `quickstrike_deck`
--
ALTER TABLE `quickstrike_deck`
  ADD CONSTRAINT `FK_ECAC751144B8315E` FOREIGN KEY (`CarteDepart_id`) REFERENCES `quickstrike_carte` (`id`),
  ADD CONSTRAINT `FK_ECAC75119558FB4` FOREIGN KEY (`chamberRecto_id`) REFERENCES `quickstrike_carte` (`id`),
  ADD CONSTRAINT `FK_ECAC7511A9E2D76C` FOREIGN KEY (`joueur_id`) REFERENCES `joueur` (`id`),
  ADD CONSTRAINT `FK_ECAC7511F7B58C60` FOREIGN KEY (`chamberVerso_id`) REFERENCES `quickstrike_carte` (`id`);

--
-- Contraintes pour la table `quickstrike_partie`
--
ALTER TABLE `quickstrike_partie`
  ADD CONSTRAINT `FK_29902F3380744DD9` FOREIGN KEY (`joueur2_id`) REFERENCES `joueur` (`id`),
  ADD CONSTRAINT `FK_29902F3392C1E237` FOREIGN KEY (`joueur1_id`) REFERENCES `joueur` (`id`);

/*!40101 SET CHARACTER_SET_CLIENT=@OLD_CHARACTER_SET_CLIENT */;
/*!40101 SET CHARACTER_SET_RESULTS=@OLD_CHARACTER_SET_RESULTS */;
/*!40101 SET COLLATION_CONNECTION=@OLD_COLLATION_CONNECTION */;
